"Timestamp,""Total score"",""Please enter your Participant ID"",""Please enter your Participant ID [Score]"",""Please enter your Participant ID [Feedback]"",""Please select the current scenario"",""Please select the current scenario [Score]"",""Please select the current scenario [Feedback]"",""How mentally demanding was the task? "",""How mentally demanding was the task?  [Score]"",""How mentally demanding was the task?  [Feedback]"",""How physically demanding was the task? "",""How physically demanding was the task?  [Score]"",""How physically demanding was the task?  [Feedback]"",""How hurried or rushed was the pace of the task? "",""How hurried or rushed was the pace of the task?  [Score]"",""How hurried or rushed was the pace of the task?  [Feedback]"",""How successful were you in accomplishing what you were asked to do? "",""How successful were you in accomplishing what you were asked to do?  [Score]"",""How successful were you in accomplishing what you were asked to do?  [Feedback]"",""How hard did you have to work to accomplish your level of performance? "",""How hard did you have to work to accomplish your level of performance?  [Score]"",""How hard did you have to work to accomplish your level of performance?  [Feedback]"",""How insecure, discouraged, irritated, stressed, and annoyed were you? "",""How insecure, discouraged, irritated, stressed, and annoyed were you?  [Score]"",""How insecure, discouraged, irritated, stressed, and annoyed were you?  [Feedback]"",""Comments"",""Comments [Score]"",""Comments [Feedback]"",""Overall, I am satisfied with the ease of completing the tasks in this scenario."",""Overall, I am satisfied with the ease of completing the tasks in this scenario. [Score]"",""Overall, I am satisfied with the ease of completing the tasks in this scenario. [Feedback]"",""Overall, I am satisfied with the amount of time it took to complete the tasks in this scenario."",""Overall, I am satisfied with the amount of time it took to complete the tasks in this scenario. [Score]"",""Overall, I am satisfied with the amount of time it took to complete the tasks in this scenario. [Feedback]"",""Comments"",""Comments [Score]"",""Comments [Feedback]"",""Did you experience any motion sickness or discomfort (e.g., dizziness,nausea, eye strain) while using the system?"",""Did you experience any motion sickness or discomfort (e.g., dizziness,nausea, eye strain) while using the system? [Score]"",""Did you experience any motion sickness or discomfort (e.g., dizziness,nausea, eye strain) while using the system? [Feedback]"",""If last answer is yes, please describe the symptoms you experienced:"",""If last answer is yes, please describe the symptoms you experienced: [Score]"",""If last answer is yes, please describe the symptoms you experienced: [Feedback]"",""I found the system unnecessarily complex."",""I found the system unnecessarily complex. [Score]"",""I found the system unnecessarily complex. [Feedback]"",""I thought the system was easy to use."",""I thought the system was easy to use. [Score]"",""I thought the system was easy to use. [Feedback]"",""I would imagine most people would learn to use this system very quickly."",""I would imagine most people would learn to use this system very quickly. [Score]"",""I would imagine most people would learn to use this system very quickly. [Feedback]"",""I felt confident using the system."",""I felt confident using the system. [Score]"",""I felt confident using the system. [Feedback]"",""I needed to learn a lot of things before I could get going with this system."",""I needed to learn a lot of things before I could get going with this system. [Score]"",""I needed to learn a lot of things before I could get going with this system. [Feedback]"",""How comfortable did you feel while using the system?"",""How comfortable did you feel while using the system? [Score]"",""How comfortable did you feel while using the system? [Feedback]"""
"2025/01/04 5:12:34 PM GMT,""0.00 / 0"",""10"",""-- / 0"","""",""Same hand trigger button: only haptic"",""-- / 0"","""",""1"",""-- / 0"","""",""5"",""-- / 0"","""",""5"",""-- / 0"","""",""4"",""-- / 0"","""",""5"",""-- / 0"","""",""2"",""-- / 0"","""","""",""-- / 0"","""",""7"",""-- / 0"","""",""7"",""-- / 0"","""","""",""-- / 0"","""",""No"",""-- / 0"","""","""",""-- / 0"","""",""1"",""-- / 0"","""",""5"",""-- / 0"","""",""5"",""-- / 0"","""",""4"",""-- / 0"","""",""1"",""-- / 0"","""",""7"",""-- / 0"","""""
"2025/01/04 5:15:08 PM GMT,""0.00 / 0"",""10"",""-- / 0"","""",""Same hand trigger button: only audio"",""-- / 0"","""",""2"",""-- / 0"","""",""5"",""-- / 0"","""",""5"",""-- / 0"","""",""3"",""-- / 0"","""",""6"",""-- / 0"","""",""1"",""-- / 0"","""","""",""-- / 0"","""",""7"",""-- / 0"","""",""7"",""-- / 0"","""","""",""-- / 0"","""",""No"",""-- / 0"","""","""",""-- / 0"","""",""1"",""-- / 0"","""",""5"",""-- / 0"","""",""5"",""-- / 0"","""",""5"",""-- / 0"","""",""1"",""-- / 0"","""",""6"",""-- / 0"","""""
"2025/01/04 5:18:30 PM GMT,""0.00 / 0"",""10"",""-- / 0"","""",""Same hand trigger button: visual + haptic + audio"",""-- / 0"","""",""2"",""-- / 0"","""",""4"",""-- / 0"","""",""3"",""-- / 0"","""",""5"",""-- / 0"","""",""5"",""-- / 0"","""",""1"",""-- / 0"","""","""",""-- / 0"","""",""7"",""-- / 0"","""",""7"",""-- / 0"","""","""",""-- / 0"","""",""No"",""-- / 0"","""","""",""-- / 0"","""",""1"",""-- / 0"","""",""5"",""-- / 0"","""",""5"",""-- / 0"","""",""5"",""-- / 0"","""",""1"",""-- / 0"","""",""7"",""-- / 0"","""""
"2025/01/04 5:19:49 PM GMT,""0.00 / 0"",""10"",""-- / 0"","""",""Same hand trigger button: visual + haptic + audio"",""-- / 0"","""",""3"",""-- / 0"","""",""3"",""-- / 0"","""",""4"",""-- / 0"","""",""5"",""-- / 0"","""",""3"",""-- / 0"","""",""1"",""-- / 0"","""","""",""-- / 0"","""",""7"",""-- / 0"","""",""7"",""-- / 0"","""","""",""-- / 0"","""",""No"",""-- / 0"","""","""",""-- / 0"","""",""1"",""-- / 0"","""",""5"",""-- / 0"","""",""5"",""-- / 0"","""",""5"",""-- / 0"","""",""1"",""-- / 0"","""",""7"",""-- / 0"","""""
"2025/01/04 5:23:34 PM GMT,""0.00 / 0"",""10"",""-- / 0"","""",""Button on other hand: only visual"",""-- / 0"","""",""3"",""-- / 0"","""",""5"",""-- / 0"","""",""5"",""-- / 0"","""",""4"",""-- / 0"","""",""4"",""-- / 0"","""",""2"",""-- / 0"","""","""",""-- / 0"","""",""7"",""-- / 0"","""",""7"",""-- / 0"","""","""",""-- / 0"","""",""No"",""-- / 0"","""","""",""-- / 0"","""",""1"",""-- / 0"","""",""4"",""-- / 0"","""",""4"",""-- / 0"","""",""4"",""-- / 0"","""",""1"",""-- / 0"","""",""6"",""-- / 0"","""""
"2025/01/04 5:25:29 PM GMT,""0.00 / 0"",""10"",""-- / 0"","""",""Button on other hand: only haptic"",""-- / 0"","""",""4"",""-- / 0"","""",""4"",""-- / 0"","""",""4"",""-- / 0"","""",""4"",""-- / 0"","""",""2"",""-- / 0"","""",""1"",""-- / 0"","""","""",""-- / 0"","""",""7"",""-- / 0"","""",""7"",""-- / 0"","""","""",""-- / 0"","""",""No"",""-- / 0"","""","""",""-- / 0"","""",""1"",""-- / 0"","""",""4"",""-- / 0"","""",""4"",""-- / 0"","""",""4"",""-- / 0"","""",""2"",""-- / 0"","""",""6"",""-- / 0"","""""
"2025/01/04 5:27:22 PM GMT,""0.00 / 0"",""10"",""-- / 0"","""",""Button on other hand: only audio"",""-- / 0"","""",""3"",""-- / 0"","""",""3"",""-- / 0"","""",""3"",""-- / 0"","""",""5"",""-- / 0"","""",""2"",""-- / 0"","""",""1"",""-- / 0"","""","""",""-- / 0"","""",""7"",""-- / 0"","""",""7"",""-- / 0"","""","""",""-- / 0"","""",""No"",""-- / 0"","""","""",""-- / 0"","""",""1"",""-- / 0"","""",""5"",""-- / 0"","""",""5"",""-- / 0"","""",""5"",""-- / 0"","""",""2"",""-- / 0"","""",""7"",""-- / 0"","""""
"2025/01/04 5:29:23 PM GMT,""0.00 / 0"",""10"",""-- / 0"","""",""Button on other hand: visual + haptic"",""-- / 0"","""",""3"",""-- / 0"","""",""4"",""-- / 0"","""",""5"",""-- / 0"","""",""7"",""-- / 0"","""",""2"",""-- / 0"","""",""1"",""-- / 0"","""","""",""-- / 0"","""",""7"",""-- / 0"","""",""7"",""-- / 0"","""","""",""-- / 0"","""",""No"",""-- / 0"","""","""",""-- / 0"","""",""1"",""-- / 0"","""",""4"",""-- / 0"","""",""4"",""-- / 0"","""",""5"",""-- / 0"","""",""1"",""-- / 0"","""",""7"",""-- / 0"","""""
"2025/01/04 5:31:26 PM GMT,""0.00 / 0"",""10"",""-- / 0"","""",""Button on other hand: visual + haptic + audio"",""-- / 0"","""",""2"",""-- / 0"","""",""2"",""-- / 0"","""",""3"",""-- / 0"","""",""9"",""-- / 0"","""",""2"",""-- / 0"","""",""1"",""-- / 0"","""","""",""-- / 0"","""",""7"",""-- / 0"","""",""7"",""-- / 0"","""","""",""-- / 0"","""",""No"",""-- / 0"","""","""",""-- / 0"","""",""1"",""-- / 0"","""",""5"",""-- / 0"","""",""5"",""-- / 0"","""",""5"",""-- / 0"","""",""1"",""-- / 0"","""",""7"",""-- / 0"","""""
"2025/01/06 2:06:18 PM GMT,""0.00 / 0"",""20"",""-- / 0"","""",""Same hand trigger button: only haptic"",""-- / 0"","""",""5"",""-- / 0"","""",""5"",""-- / 0"","""",""4"",""-- / 0"","""",""4"",""-- / 0"","""",""8"",""-- / 0"","""",""4"",""-- / 0"","""","""",""-- / 0"","""",""4"",""-- / 0"","""",""4"",""-- / 0"","""","""",""-- / 0"","""",""Yes"",""-- / 0"","""",""a little discomfort"",""-- / 0"","""",""1"",""-- / 0"","""",""5"",""-- / 0"","""",""5"",""-- / 0"","""",""5"",""-- / 0"","""",""4"",""-- / 0"","""",""4"",""-- / 0"","""""
"2025/01/06 2:10:10 PM GMT,""0.00 / 0"",""20"",""-- / 0"","""",""Same hand trigger button: visual + haptic + audio"",""-- / 0"","""",""5"",""-- / 0"","""",""5"",""-- / 0"","""",""4"",""-- / 0"","""",""4"",""-- / 0"","""",""7"",""-- / 0"","""",""4"",""-- / 0"","""","""",""-- / 0"","""",""4"",""-- / 0"","""",""4"",""-- / 0"","""","""",""-- / 0"","""",""Yes"",""-- / 0"","""",""eye strain"",""-- / 0"","""",""1"",""-- / 0"","""",""1"",""-- / 0"","""",""1"",""-- / 0"","""",""1"",""-- / 0"","""",""1"",""-- / 0"","""",""6"",""-- / 0"","""""
"2025/01/06 2:11:18 PM GMT,""0.00 / 0"",""20"",""-- / 0"","""",""Same hand trigger button: only visual"",""-- / 0"","""",""3"",""-- / 0"","""",""4"",""-- / 0"","""",""3"",""-- / 0"","""",""6"",""-- / 0"","""",""4"",""-- / 0"","""",""8"",""-- / 0"","""","""",""-- / 0"","""",""4"",""-- / 0"","""",""3"",""-- / 0"","""","""",""-- / 0"","""",""No"",""-- / 0"","""","""",""-- / 0"","""",""4"",""-- / 0"","""",""4"",""-- / 0"","""",""4"",""-- / 0"","""",""5"",""-- / 0"","""",""2"",""-- / 0"","""",""7"",""-- / 0"","""""
"2025/01/06 2:12:40 PM GMT,""0.00 / 0"",""20"",""-- / 0"","""",""Same hand trigger button: only visual"",""-- / 0"","""",""1"",""-- / 0"","""",""1"",""-- / 0"","""",""1"",""-- / 0"","""",""9"",""-- / 0"","""",""3"",""-- / 0"","""",""3"",""-- / 0"","""","""",""-- / 0"","""",""6"",""-- / 0"","""",""3"",""-- / 0"","""","""",""-- / 0"","""",""No"",""-- / 0"","""","""",""-- / 0"","""",""1"",""-- / 0"","""",""5"",""-- / 0"","""",""5"",""-- / 0"","""",""5"",""-- / 0"","""",""5"",""-- / 0"","""",""7"",""-- / 0"","""""
"2025/01/06 2:15:19 PM GMT,""0.00 / 0"",""20"",""-- / 0"","""",""Button on other hand: only visual"",""-- / 0"","""",""2"",""-- / 0"","""",""4"",""-- / 0"","""",""5"",""-- / 0"","""",""4"",""-- / 0"","""",""3"",""-- / 0"","""",""9"",""-- / 0"","""","""",""-- / 0"","""",""5"",""-- / 0"","""",""1"",""-- / 0"","""","""",""-- / 0"","""",""Yes"",""-- / 0"","""",""eye strain"",""-- / 0"","""",""1"",""-- / 0"","""",""5"",""-- / 0"","""",""5"",""-- / 0"","""",""5"",""-- / 0"","""",""5"",""-- / 0"","""",""7"",""-- / 0"","""""
"2025/01/06 2:19:10 PM GMT,""0.00 / 0"",""20"",""-- / 0"","""",""Button on other hand: only haptic"",""-- / 0"","""",""5"",""-- / 0"","""",""8"",""-- / 0"","""",""3"",""-- / 0"","""",""7"",""-- / 0"","""",""5"",""-- / 0"","""",""3"",""-- / 0"","""","""",""-- / 0"","""",""4"",""-- / 0"","""",""4"",""-- / 0"","""","""",""-- / 0"","""",""Yes"",""-- / 0"","""",""eye strain"",""-- / 0"","""",""1"",""-- / 0"","""",""5"",""-- / 0"","""",""5"",""-- / 0"","""",""5"",""-- / 0"","""",""5"",""-- / 0"","""",""7"",""-- / 0"","""""
"2025/01/06 2:22:29 PM GMT,""0.00 / 0"",""20"",""-- / 0"","""",""Button on other hand: only audio"",""-- / 0"","""",""6"",""-- / 0"","""",""6"",""-- / 0"","""",""6"",""-- / 0"","""",""5"",""-- / 0"","""",""4"",""-- / 0"","""",""5"",""-- / 0"","""","""",""-- / 0"","""",""5"",""-- / 0"","""",""5"",""-- / 0"","""","""",""-- / 0"","""",""Yes"",""-- / 0"","""",""nausea"",""-- / 0"","""",""1"",""-- / 0"","""",""5"",""-- / 0"","""",""5"",""-- / 0"","""",""5"",""-- / 0"","""",""1"",""-- / 0"","""",""6"",""-- / 0"","""""
"2025/01/06 2:25:04 PM GMT,""0.00 / 0"",""20"",""-- / 0"","""",""Button on other hand: visual + haptic"",""-- / 0"","""",""3"",""-- / 0"","""",""3"",""-- / 0"","""",""3"",""-- / 0"","""",""6"",""-- / 0"","""",""9"",""-- / 0"","""",""1"",""-- / 0"","""","""",""-- / 0"","""",""3"",""-- / 0"","""",""5"",""-- / 0"","""","""",""-- / 0"","""",""No"",""-- / 0"","""",""dizziness"",""-- / 0"","""",""1"",""-- / 0"","""",""5"",""-- / 0"","""",""5"",""-- / 0"","""",""5"",""-- / 0"","""",""3"",""-- / 0"","""",""6"",""-- / 0"","""""
"2025/01/06 2:29:17 PM GMT,""0.00 / 0"",""20"",""-- / 0"","""",""Button on other hand: visual + haptic + audio"",""-- / 0"","""",""4"",""-- / 0"","""",""6"",""-- / 0"","""",""7"",""-- / 0"","""",""5"",""-- / 0"","""",""4"",""-- / 0"","""",""8"",""-- / 0"","""","""",""-- / 0"","""",""6"",""-- / 0"","""",""5"",""-- / 0"","""","""",""-- / 0"","""",""No"",""-- / 0"","""","""",""-- / 0"","""",""1"",""-- / 0"","""",""5"",""-- / 0"","""",""5"",""-- / 0"","""",""5"",""-- / 0"","""",""5"",""-- / 0"","""",""7"",""-- / 0"","""""
"2025/01/06 2:37:22 PM GMT,""0.00 / 0"",""21"",""-- / 0"","""",""Same hand trigger button: only audio"",""-- / 0"","""",""3"",""-- / 0"","""",""2"",""-- / 0"","""",""5"",""-- / 0"","""",""8"",""-- / 0"","""",""4"",""-- / 0"","""",""3"",""-- / 0"","""","""",""-- / 0"","""",""6"",""-- / 0"","""",""5"",""-- / 0"","""","""",""-- / 0"","""",""No"",""-- / 0"","""","""",""-- / 0"","""",""3"",""-- / 0"","""",""3"",""-- / 0"","""",""2"",""-- / 0"","""",""3"",""-- / 0"","""",""2"",""-- / 0"","""",""5"",""-- / 0"","""""
"2025/01/06 2:40:45 PM GMT,""0.00 / 0"",""21"",""-- / 0"","""",""Button on other hand: visual + haptic"",""-- / 0"","""",""5"",""-- / 0"","""",""2"",""-- / 0"","""",""5"",""-- / 0"","""",""6"",""-- / 0"","""",""4"",""-- / 0"","""",""3"",""-- / 0"","""","""",""-- / 0"","""",""4"",""-- / 0"","""",""5"",""-- / 0"","""","""",""-- / 0"","""",""No"",""-- / 0"","""","""",""-- / 0"","""",""1"",""-- / 0"","""",""4"",""-- / 0"","""",""4"",""-- / 0"","""",""3"",""-- / 0"","""",""1"",""-- / 0"","""",""7"",""-- / 0"","""""
"2025/01/06 2:44:21 PM GMT,""0.00 / 0"",""21"",""-- / 0"","""",""Button on other hand: visual + haptic + audio"",""-- / 0"","""",""3"",""-- / 0"","""",""2"",""-- / 0"","""",""4"",""-- / 0"","""",""8"",""-- / 0"","""",""4"",""-- / 0"","""",""3"",""-- / 0"","""","""",""-- / 0"","""",""6"",""-- / 0"","""",""6"",""-- / 0"","""","""",""-- / 0"","""",""No"",""-- / 0"","""","""",""-- / 0"","""",""1"",""-- / 0"","""",""5"",""-- / 0"","""",""4"",""-- / 0"","""",""5"",""-- / 0"","""",""2"",""-- / 0"","""",""7"",""-- / 0"","""""
"2025/01/06 2:46:42 PM GMT,""0.00 / 0"",""21"",""-- / 0"","""",""Button on other hand: only visual"",""-- / 0"","""",""4"",""-- / 0"","""",""3"",""-- / 0"","""",""4"",""-- / 0"","""",""7"",""-- / 0"","""",""3"",""-- / 0"","""",""2"",""-- / 0"","""","""",""-- / 0"","""",""5"",""-- / 0"","""",""5"",""-- / 0"","""","""",""-- / 0"","""",""No"",""-- / 0"","""","""",""-- / 0"","""",""2"",""-- / 0"","""",""4"",""-- / 0"","""",""4"",""-- / 0"","""",""4"",""-- / 0"","""",""1"",""-- / 0"","""",""6"",""-- / 0"","""""
"2025/01/06 2:50:25 PM GMT,""0.00 / 0"",""21"",""-- / 0"","""",""Same hand trigger button: only haptic"",""-- / 0"","""",""2"",""-- / 0"","""",""3"",""-- / 0"","""",""4"",""-- / 0"","""",""8"",""-- / 0"","""",""4"",""-- / 0"","""",""2"",""-- / 0"","""","""",""-- / 0"","""",""6"",""-- / 0"","""",""6"",""-- / 0"","""","""",""-- / 0"","""",""No"",""-- / 0"","""","""",""-- / 0"","""",""2"",""-- / 0"","""",""4"",""-- / 0"","""",""4"",""-- / 0"","""",""4"",""-- / 0"","""",""2"",""-- / 0"","""",""6"",""-- / 0"","""""
"2025/01/06 2:54:05 PM GMT,""0.00 / 0"",""21"",""-- / 0"","""",""Same hand trigger button: only audio"",""-- / 0"","""",""3"",""-- / 0"","""",""2"",""-- / 0"","""",""3"",""-- / 0"","""",""8"",""-- / 0"","""",""2"",""-- / 0"","""",""2"",""-- / 0"","""","""",""-- / 0"","""",""6"",""-- / 0"","""",""6"",""-- / 0"","""","""",""-- / 0"","""",""No"",""-- / 0"","""","""",""-- / 0"","""",""2"",""-- / 0"","""",""4"",""-- / 0"","""",""4"",""-- / 0"","""",""4"",""-- / 0"","""",""2"",""-- / 0"","""",""6"",""-- / 0"","""""
"2025/01/06 2:58:24 PM GMT,""0.00 / 0"",""21"",""-- / 0"","""",""Same hand trigger button: visual + haptic"",""-- / 0"","""",""3"",""-- / 0"","""",""2"",""-- / 0"","""",""4"",""-- / 0"","""",""8"",""-- / 0"","""",""2"",""-- / 0"","""",""2"",""-- / 0"","""","""",""-- / 0"","""",""6"",""-- / 0"","""",""6"",""-- / 0"","""","""",""-- / 0"","""",""No"",""-- / 0"","""","""",""-- / 0"","""",""2"",""-- / 0"","""",""4"",""-- / 0"","""",""4"",""-- / 0"","""",""4"",""-- / 0"","""",""2"",""-- / 0"","""",""6"",""-- / 0"","""""
"2025/01/06 3:02:36 PM GMT,""0.00 / 0"",""21"",""-- / 0"","""",""Same hand trigger button: visual + haptic + audio"",""-- / 0"","""",""2"",""-- / 0"","""",""2"",""-- / 0"","""",""3"",""-- / 0"","""",""9"",""-- / 0"","""",""2"",""-- / 0"","""",""2"",""-- / 0"","""","""",""-- / 0"","""",""7"",""-- / 0"","""",""7"",""-- / 0"","""","""",""-- / 0"","""",""No"",""-- / 0"","""","""",""-- / 0"","""",""1"",""-- / 0"","""",""5"",""-- / 0"","""",""5"",""-- / 0"","""",""5"",""-- / 0"","""",""1"",""-- / 0"","""",""7"",""-- / 0"","""""
"2025/01/06 3:04:50 PM GMT,""0.00 / 0"",""21"",""-- / 0"","""",""Same hand trigger button: only visual"",""-- / 0"","""",""3"",""-- / 0"","""",""2"",""-- / 0"","""",""3"",""-- / 0"","""",""8"",""-- / 0"","""",""3"",""-- / 0"","""",""2"",""-- / 0"","""","""",""-- / 0"","""",""6"",""-- / 0"","""",""6"",""-- / 0"","""","""",""-- / 0"","""",""No"",""-- / 0"","""","""",""-- / 0"","""",""2"",""-- / 0"","""",""4"",""-- / 0"","""",""4"",""-- / 0"","""",""4"",""-- / 0"","""",""2"",""-- / 0"","""",""6"",""-- / 0"","""""
"2025/01/06 3:19:36 PM GMT,""0.00 / 0"",""22"",""-- / 0"","""",""Same hand trigger button: visual + haptic + audio"",""-- / 0"","""",""1"",""-- / 0"","""",""1"",""-- / 0"","""",""6"",""-- / 0"","""",""8"",""-- / 0"","""",""7"",""-- / 0"","""",""1"",""-- / 0"","""",""The white line does not represent the middle"",""-- / 0"","""",""7"",""-- / 0"","""",""7"",""-- / 0"","""","""",""-- / 0"","""",""No"",""-- / 0"","""","""",""-- / 0"","""",""1"",""-- / 0"","""",""5"",""-- / 0"","""",""4"",""-- / 0"","""",""5"",""-- / 0"","""",""1"",""-- / 0"","""",""7"",""-- / 0"","""""
"2025/01/06 3:22:43 PM GMT,""0.00 / 0"",""22"",""-- / 0"","""",""Same hand trigger button: only visual"",""-- / 0"","""",""1"",""-- / 0"","""",""1"",""-- / 0"","""",""6"",""-- / 0"","""",""9"",""-- / 0"","""",""1"",""-- / 0"","""",""1"",""-- / 0"","""",""Hard to precisely aim with only vision"",""-- / 0"","""",""6"",""-- / 0"","""",""6"",""-- / 0"","""","""",""-- / 0"","""",""No"",""-- / 0"","""","""",""-- / 0"","""",""1"",""-- / 0"","""",""5"",""-- / 0"","""",""5"",""-- / 0"","""",""5"",""-- / 0"","""",""1"",""-- / 0"","""",""7"",""-- / 0"","""""
"2025/01/06 3:27:13 PM GMT,""0.00 / 0"",""22"",""-- / 0"","""",""Same hand trigger button: only haptic"",""-- / 0"","""",""7"",""-- / 0"","""",""1"",""-- / 0"","""",""8"",""-- / 0"","""",""6"",""-- / 0"","""",""6"",""-- / 0"","""",""1"",""-- / 0"","""",""Felt that the aim was better while standing"",""-- / 0"","""",""5"",""-- / 0"","""",""5"",""-- / 0"","""","""",""-- / 0"","""",""No"",""-- / 0"","""","""",""-- / 0"","""",""2"",""-- / 0"","""",""3"",""-- / 0"","""",""5"",""-- / 0"","""",""4"",""-- / 0"","""",""2"",""-- / 0"","""",""6"",""-- / 0"","""""
"2025/01/06 3:35:35 PM GMT,""0.00 / 0"",""22"",""-- / 0"","""",""Same hand trigger button: only audio"",""-- / 0"","""",""2"",""-- / 0"","""",""1"",""-- / 0"","""",""9"",""-- / 0"","""",""8"",""-- / 0"","""",""3"",""-- / 0"","""",""2"",""-- / 0"","""","""",""-- / 0"","""",""5"",""-- / 0"","""",""6"",""-- / 0"","""","""",""-- / 0"","""",""No"",""-- / 0"","""","""",""-- / 0"","""",""5"",""-- / 0"","""",""5"",""-- / 0"","""",""5"",""-- / 0"","""",""5"",""-- / 0"","""",""1"",""-- / 0"","""",""7"",""-- / 0"","""""
"2025/01/06 3:39:16 PM GMT,""0.00 / 0"",""22"",""-- / 0"","""",""Button on other hand: visual + haptic"",""-- / 0"","""",""1"",""-- / 0"","""",""1"",""-- / 0"","""",""9"",""-- / 0"","""",""9"",""-- / 0"","""",""5"",""-- / 0"","""",""1"",""-- / 0"","""","""",""-- / 0"","""",""7"",""-- / 0"","""",""7"",""-- / 0"","""","""",""-- / 0"","""",""No"",""-- / 0"","""","""",""-- / 0"","""",""2"",""-- / 0"","""",""4"",""-- / 0"","""",""4"",""-- / 0"","""",""4"",""-- / 0"","""",""1"",""-- / 0"","""",""7"",""-- / 0"","""""
"2025/01/06 3:42:40 PM GMT,""0.00 / 0"",""22"",""-- / 0"","""",""Button on other hand: visual + haptic + audio"",""-- / 0"","""",""2"",""-- / 0"","""",""1"",""-- / 0"","""",""7"",""-- / 0"","""",""8"",""-- / 0"","""",""8"",""-- / 0"","""",""1"",""-- / 0"","""","""",""-- / 0"","""",""6"",""-- / 0"","""",""6"",""-- / 0"","""","""",""-- / 0"","""",""No"",""-- / 0"","""","""",""-- / 0"","""",""1"",""-- / 0"","""",""4"",""-- / 0"","""",""4"",""-- / 0"","""",""5"",""-- / 0"","""",""1"",""-- / 0"","""",""6"",""-- / 0"","""""
"2025/01/06 3:46:14 PM GMT,""0.00 / 0"",""22"",""-- / 0"","""",""Button on other hand: only visual"",""-- / 0"","""",""1"",""-- / 0"","""",""1"",""-- / 0"","""",""7"",""-- / 0"","""",""8"",""-- / 0"","""",""7"",""-- / 0"","""",""1"",""-- / 0"","""","""",""-- / 0"","""",""7"",""-- / 0"","""",""6"",""-- / 0"","""","""",""-- / 0"","""",""No"",""-- / 0"","""","""",""-- / 0"","""",""2"",""-- / 0"","""",""4"",""-- / 0"","""",""4"",""-- / 0"","""",""4"",""-- / 0"","""",""1"",""-- / 0"","""",""7"",""-- / 0"","""""
"2025/01/06 3:48:36 PM GMT,""0.00 / 0"",""22"",""-- / 0"","""",""Button on other hand: only haptic"",""-- / 0"","""",""2"",""-- / 0"","""",""1"",""-- / 0"","""",""7"",""-- / 0"","""",""8"",""-- / 0"","""",""7"",""-- / 0"","""",""1"",""-- / 0"","""","""",""-- / 0"","""",""5"",""-- / 0"","""",""6"",""-- / 0"","""","""",""-- / 0"","""",""No"",""-- / 0"","""","""",""-- / 0"","""","""","""","""",""5"",""-- / 0"","""",""5"",""-- / 0"","""",""5"",""-- / 0"","""",""1"",""-- / 0"","""",""7"",""-- / 0"","""""
"2025/01/06 3:53:49 PM GMT,""0.00 / 0"",""22"",""-- / 0"","""",""Button on other hand: only audio"",""-- / 0"","""",""2"",""-- / 0"","""",""1"",""-- / 0"","""",""8"",""-- / 0"","""",""7"",""-- / 0"","""",""7"",""-- / 0"","""",""1"",""-- / 0"","""","""",""-- / 0"","""",""6"",""-- / 0"","""",""7"",""-- / 0"","""","""",""-- / 0"","""",""No"",""-- / 0"","""","""",""-- / 0"","""",""1"",""-- / 0"","""",""5"",""-- / 0"","""",""5"",""-- / 0"","""",""5"",""-- / 0"","""",""1"",""-- / 0"","""",""7"",""-- / 0"","""""
"2025/01/06 4:17:35 PM GMT,""0.00 / 0"",""23"",""-- / 0"","""",""Button on other hand: only audio"",""-- / 0"","""",""2"",""-- / 0"","""",""2"",""-- / 0"","""",""3"",""-- / 0"","""",""4"",""-- / 0"","""",""3"",""-- / 0"","""",""1"",""-- / 0"","""",""o barulho Ã© pessimo"",""-- / 0"","""",""5"",""-- / 0"","""",""6"",""-- / 0"","""","""",""-- / 0"","""",""No"",""-- / 0"","""","""",""-- / 0"","""",""2"",""-- / 0"","""",""5"",""-- / 0"","""",""4"",""-- / 0"","""",""4"",""-- / 0"","""",""3"",""-- / 0"","""",""5"",""-- / 0"","""""
"2025/01/06 4:20:33 PM GMT,""0.00 / 0"",""23"",""-- / 0"","""",""Button on other hand: visual + haptic"",""-- / 0"","""",""2"",""-- / 0"","""",""3"",""-- / 0"","""",""4"",""-- / 0"","""",""8"",""-- / 0"","""",""3"",""-- / 0"","""",""1"",""-- / 0"","""",""sem o som ficou perfeito"",""-- / 0"","""",""6"",""-- / 0"","""",""6"",""-- / 0"","""","""",""-- / 0"","""",""No"",""-- / 0"","""","""",""-- / 0"","""",""2"",""-- / 0"","""",""4"",""-- / 0"","""",""4"",""-- / 0"","""",""5"",""-- / 0"","""",""2"",""-- / 0"","""",""6"",""-- / 0"","""""
"2025/01/06 4:22:54 PM GMT,""0.00 / 0"",""23"",""-- / 0"","""",""Button on other hand: visual + haptic + audio"",""-- / 0"","""",""3"",""-- / 0"","""",""2"",""-- / 0"","""",""3"",""-- / 0"","""",""7"",""-- / 0"","""",""2"",""-- / 0"","""",""1"",""-- / 0"","""","""",""-- / 0"","""",""6"",""-- / 0"","""",""6"",""-- / 0"","""","""",""-- / 0"","""",""No"",""-- / 0"","""","""",""-- / 0"","""",""1"",""-- / 0"","""",""4"",""-- / 0"","""",""4"",""-- / 0"","""",""5"",""-- / 0"","""",""2"",""-- / 0"","""",""6"",""-- / 0"","""""
"2025/01/06 4:27:03 PM GMT,""0.00 / 0"",""23"",""-- / 0"","""",""Button on other hand: only visual"",""-- / 0"","""",""2"",""-- / 0"","""",""2"",""-- / 0"","""",""3"",""-- / 0"","""",""9"",""-- / 0"","""",""2"",""-- / 0"","""",""1"",""-- / 0"","""","""",""-- / 0"","""",""7"",""-- / 0"","""",""7"",""-- / 0"","""","""",""-- / 0"","""",""No"",""-- / 0"","""","""",""-- / 0"","""",""2"",""-- / 0"","""",""5"",""-- / 0"","""",""4"",""-- / 0"","""",""5"",""-- / 0"","""",""4"",""-- / 0"","""",""7"",""-- / 0"","""""
"2025/01/06 4:30:48 PM GMT,""0.00 / 0"",""23"",""-- / 0"","""",""Same hand trigger button: only haptic"",""-- / 0"","""",""2"",""-- / 0"","""",""2"",""-- / 0"","""",""3"",""-- / 0"","""",""9"",""-- / 0"","""",""2"",""-- / 0"","""",""1"",""-- / 0"","""","""",""-- / 0"","""",""7"",""-- / 0"","""",""7"",""-- / 0"","""","""",""-- / 0"","""",""No"",""-- / 0"","""","""",""-- / 0"","""",""2"",""-- / 0"","""",""5"",""-- / 0"","""",""4"",""-- / 0"","""",""5"",""-- / 0"","""",""2"",""-- / 0"","""",""7"",""-- / 0"","""""
"2025/01/06 4:34:22 PM GMT,""0.00 / 0"",""23"",""-- / 0"","""",""Same hand trigger button: only audio"",""-- / 0"","""",""2"",""-- / 0"","""",""2"",""-- / 0"","""",""1"",""-- / 0"","""",""6"",""-- / 0"","""",""2"",""-- / 0"","""",""10"",""-- / 0"","""",""The audio was very annoying"",""-- / 0"","""",""7"",""-- / 0"","""",""7"",""-- / 0"","""","""",""-- / 0"","""",""No"",""-- / 0"","""","""",""-- / 0"","""",""2"",""-- / 0"","""",""5"",""-- / 0"","""",""4"",""-- / 0"","""",""5"",""-- / 0"","""",""2"",""-- / 0"","""",""4"",""-- / 0"","""""
"2025/01/06 4:39:43 PM GMT,""0.00 / 0"",""23"",""-- / 0"","""",""Same hand trigger button: visual + haptic"",""-- / 0"","""",""2"",""-- / 0"","""",""2"",""-- / 0"","""",""2"",""-- / 0"","""",""9"",""-- / 0"","""",""2"",""-- / 0"","""",""1"",""-- / 0"","""","""",""-- / 0"","""",""7"",""-- / 0"","""",""7"",""-- / 0"","""","""",""-- / 0"","""",""No"",""-- / 0"","""","""",""-- / 0"","""",""2"",""-- / 0"","""",""5"",""-- / 0"","""",""4"",""-- / 0"","""",""5"",""-- / 0"","""",""2"",""-- / 0"","""",""7"",""-- / 0"","""""
"2025/01/06 6:45:54 PM GMT,""0.00 / 0"",""23"",""-- / 0"","""",""Same hand trigger button: visual + haptic + audio"",""-- / 0"","""",""2"",""-- / 0"","""",""2"",""-- / 0"","""",""4"",""-- / 0"","""",""9"",""-- / 0"","""",""2"",""-- / 0"","""",""10"",""-- / 0"","""",""The audio is very annoying"",""-- / 0"","""",""7"",""-- / 0"","""",""7"",""-- / 0"","""","""",""-- / 0"","""",""No"",""-- / 0"","""","""",""-- / 0"","""",""1"",""-- / 0"","""",""5"",""-- / 0"","""",""4"",""-- / 0"","""",""5"",""-- / 0"","""",""2"",""-- / 0"","""",""4"",""-- / 0"","""""
"2025/01/06 6:47:24 PM GMT,""0.00 / 0"",""23"",""-- / 0"","""",""Same hand trigger button: only visual"",""-- / 0"","""",""2"",""-- / 0"","""",""2"",""-- / 0"","""",""2"",""-- / 0"","""",""8"",""-- / 0"","""",""2"",""-- / 0"","""",""1"",""-- / 0"","""","""",""-- / 0"","""",""7"",""-- / 0"","""",""7"",""-- / 0"","""","""",""-- / 0"","""",""No"",""-- / 0"","""","""",""-- / 0"","""",""1"",""-- / 0"","""",""5"",""-- / 0"","""",""4"",""-- / 0"","""",""5"",""-- / 0"","""",""2"",""-- / 0"","""",""7"",""-- / 0"","""""
"2025/01/06 7:46:16 PM GMT,""0.00 / 0"",""24"",""-- / 0"","""",""Same hand trigger button: only visual"",""-- / 0"","""",""3"",""-- / 0"","""",""7"",""-- / 0"","""",""6"",""-- / 0"","""",""7"",""-- / 0"","""",""7"",""-- / 0"","""",""3"",""-- / 0"","""","""",""-- / 0"","""",""6"",""-- / 0"","""",""6"",""-- / 0"","""","""",""-- / 0"","""",""No"",""-- / 0"","""","""",""-- / 0"","""",""2"",""-- / 0"","""",""5"",""-- / 0"","""",""5"",""-- / 0"","""",""5"",""-- / 0"","""",""1"",""-- / 0"","""",""6"",""-- / 0"","""""
"2025/01/06 7:48:21 PM GMT,""0.00 / 0"",""24"",""-- / 0"","""",""Same hand trigger button: only haptic"",""-- / 0"","""",""7"",""-- / 0"","""",""7"",""-- / 0"","""",""6"",""-- / 0"","""",""7"",""-- / 0"","""",""7"",""-- / 0"","""",""3"",""-- / 0"","""","""",""-- / 0"","""",""6"",""-- / 0"","""",""7"",""-- / 0"","""","""",""-- / 0"","""",""No"",""-- / 0"","""","""",""-- / 0"","""",""2"",""-- / 0"","""",""4"",""-- / 0"","""",""4"",""-- / 0"","""",""4"",""-- / 0"","""",""1"",""-- / 0"","""",""6"",""-- / 0"","""""
"2025/01/06 7:52:23 PM GMT,""0.00 / 0"",""24"",""-- / 0"","""",""Same hand trigger button: only audio"",""-- / 0"","""",""8"",""-- / 0"","""",""8"",""-- / 0"","""",""6"",""-- / 0"","""",""6"",""-- / 0"","""",""8"",""-- / 0"","""",""7"",""-- / 0"","""","""",""-- / 0"","""",""6"",""-- / 0"","""",""6"",""-- / 0"","""","""",""-- / 0"","""",""No"",""-- / 0"","""","""",""-- / 0"","""",""2"",""-- / 0"","""",""4"",""-- / 0"","""",""3"",""-- / 0"","""",""3"",""-- / 0"","""",""2"",""-- / 0"","""",""6"",""-- / 0"","""""
"2025/01/06 7:53:32 PM GMT,""0.00 / 0"",""24"",""-- / 0"","""",""Same hand trigger button: visual + haptic"",""-- / 0"","""",""5"",""-- / 0"","""",""5"",""-- / 0"","""",""6"",""-- / 0"","""",""9"",""-- / 0"","""",""7"",""-- / 0"","""",""2"",""-- / 0"","""","""",""-- / 0"","""",""6"",""-- / 0"","""",""5"",""-- / 0"","""","""",""-- / 0"","""",""No"",""-- / 0"","""","""",""-- / 0"","""",""2"",""-- / 0"","""",""4"",""-- / 0"","""",""4"",""-- / 0"","""",""4"",""-- / 0"","""",""2"",""-- / 0"","""",""6"",""-- / 0"","""""
"2025/01/06 7:56:56 PM GMT,""0.00 / 0"",""24"",""-- / 0"","""",""Button on other hand: visual + haptic + audio"",""-- / 0"","""",""8"",""-- / 0"","""",""8"",""-- / 0"","""",""6"",""-- / 0"","""",""7"",""-- / 0"","""",""8"",""-- / 0"","""",""5"",""-- / 0"","""","""",""-- / 0"","""",""5"",""-- / 0"","""",""5"",""-- / 0"","""","""",""-- / 0"","""",""No"",""-- / 0"","""","""",""-- / 0"","""",""3"",""-- / 0"","""",""3"",""-- / 0"","""",""3"",""-- / 0"","""",""3"",""-- / 0"","""",""3"",""-- / 0"","""",""4"",""-- / 0"","""""
"2025/01/06 7:57:51 PM GMT,""0.00 / 0"",""24"",""-- / 0"","""",""Button on other hand: only visual"",""-- / 0"","""",""8"",""-- / 0"","""",""8"",""-- / 0"","""",""6"",""-- / 0"","""",""7"",""-- / 0"","""",""8"",""-- / 0"","""",""5"",""-- / 0"","""","""",""-- / 0"","""",""4"",""-- / 0"","""",""4"",""-- / 0"","""","""",""-- / 0"","""",""No"",""-- / 0"","""","""",""-- / 0"","""",""3"",""-- / 0"","""",""3"",""-- / 0"","""",""3"",""-- / 0"","""",""3"",""-- / 0"","""",""3"",""-- / 0"","""",""4"",""-- / 0"","""""
"2025/01/06 8:00:18 PM GMT,""0.00 / 0"",""24"",""-- / 0"","""",""Button on other hand: only haptic"",""-- / 0"","""",""8"",""-- / 0"","""",""8"",""-- / 0"","""",""6"",""-- / 0"","""",""7"",""-- / 0"","""",""8"",""-- / 0"","""",""5"",""-- / 0"","""","""",""-- / 0"","""",""4"",""-- / 0"","""",""4"",""-- / 0"","""","""",""-- / 0"","""",""No"",""-- / 0"","""","""",""-- / 0"","""",""4"",""-- / 0"","""",""3"",""-- / 0"","""",""3"",""-- / 0"","""",""3"",""-- / 0"","""",""3"",""-- / 0"","""",""4"",""-- / 0"","""""
"2025/01/06 8:01:32 PM GMT,""0.00 / 0"",""24"",""-- / 0"","""",""Button on other hand: only audio"",""-- / 0"","""",""8"",""-- / 0"","""",""8"",""-- / 0"","""",""6"",""-- / 0"","""",""7"",""-- / 0"","""",""8"",""-- / 0"","""",""5"",""-- / 0"","""","""",""-- / 0"","""",""4"",""-- / 0"","""",""4"",""-- / 0"","""","""",""-- / 0"","""",""No"",""-- / 0"","""","""",""-- / 0"","""",""4"",""-- / 0"","""",""3"",""-- / 0"","""",""3"",""-- / 0"","""",""3"",""-- / 0"","""",""3"",""-- / 0"","""",""5"",""-- / 0"","""""
"2025/01/06 8:03:35 PM GMT,""0.00 / 0"",""24"",""-- / 0"","""",""Button on other hand: visual + haptic"",""-- / 0"","""",""7"",""-- / 0"","""",""7"",""-- / 0"","""",""6"",""-- / 0"","""",""7"",""-- / 0"","""",""7"",""-- / 0"","""",""6"",""-- / 0"","""","""",""-- / 0"","""",""5"",""-- / 0"","""",""5"",""-- / 0"","""","""",""-- / 0"","""",""No"",""-- / 0"","""","""",""-- / 0"","""",""3"",""-- / 0"","""",""4"",""-- / 0"","""",""4"",""-- / 0"","""",""4"",""-- / 0"","""",""2"",""-- / 0"","""",""6"",""-- / 0"","""""
"2025/01/08 3:20:43 PM GMT,""0.00 / 0"",""15"",""-- / 0"","""",""Button on other hand: only haptic"",""-- / 0"","""",""7"",""-- / 0"","""",""3"",""-- / 0"","""",""3"",""-- / 0"","""",""6"",""-- / 0"","""",""7"",""-- / 0"","""",""2"",""-- / 0"","""","""",""-- / 0"","""",""5"",""-- / 0"","""",""4"",""-- / 0"","""","""",""-- / 0"","""",""No"",""-- / 0"","""","""",""-- / 0"","""",""3"",""-- / 0"","""",""3"",""-- / 0"","""",""3"",""-- / 0"","""",""3"",""-- / 0"","""",""1"",""-- / 0"","""",""5"",""-- / 0"","""""
"2025/01/08 3:22:47 PM GMT,""0.00 / 0"",""15"",""-- / 0"","""",""Button on other hand: only audio"",""-- / 0"","""",""5"",""-- / 0"","""",""3"",""-- / 0"","""",""2"",""-- / 0"","""",""6"",""-- / 0"","""",""6"",""-- / 0"","""",""2"",""-- / 0"","""","""",""-- / 0"","""",""5"",""-- / 0"","""",""5"",""-- / 0"","""","""",""-- / 0"","""",""No"",""-- / 0"","""","""",""-- / 0"","""",""2"",""-- / 0"","""",""4"",""-- / 0"","""",""3"",""-- / 0"","""",""3"",""-- / 0"","""",""1"",""-- / 0"","""",""5"",""-- / 0"","""""
"2025/01/08 3:25:31 PM GMT,""0.00 / 0"",""15"",""-- / 0"","""",""Button on other hand: visual + haptic"",""-- / 0"","""",""5"",""-- / 0"","""",""3"",""-- / 0"","""",""2"",""-- / 0"","""",""7"",""-- / 0"","""",""6"",""-- / 0"","""",""2"",""-- / 0"","""","""",""-- / 0"","""",""6"",""-- / 0"","""",""6"",""-- / 0"","""","""",""-- / 0"","""",""No"",""-- / 0"","""","""",""-- / 0"","""",""1"",""-- / 0"","""",""5"",""-- / 0"","""",""4"",""-- / 0"","""",""5"",""-- / 0"","""",""2"",""-- / 0"","""",""6"",""-- / 0"","""""
"2025/01/08 3:27:16 PM GMT,""0.00 / 0"",""15"",""-- / 0"","""",""Button on other hand: visual + haptic + audio"",""-- / 0"","""",""6"",""-- / 0"","""",""3"",""-- / 0"","""",""2"",""-- / 0"","""",""7"",""-- / 0"","""",""7"",""-- / 0"","""",""2"",""-- / 0"","""","""",""-- / 0"","""",""6"",""-- / 0"","""",""2"",""-- / 0"","""","""",""-- / 0"","""",""No"",""-- / 0"","""","""",""-- / 0"","""",""1"",""-- / 0"","""",""4"",""-- / 0"","""",""4"",""-- / 0"","""",""5"",""-- / 0"","""",""4"",""-- / 0"","""",""6"",""-- / 0"","""""
"2025/01/08 3:30:26 PM GMT,""0.00 / 0"",""15"",""-- / 0"","""",""Same hand trigger button: only visual"",""-- / 0"","""",""7"",""-- / 0"","""",""4"",""-- / 0"","""",""2"",""-- / 0"","""",""5"",""-- / 0"","""",""7"",""-- / 0"","""",""2"",""-- / 0"","""","""",""-- / 0"","""",""5"",""-- / 0"","""",""6"",""-- / 0"","""","""",""-- / 0"","""",""No"",""-- / 0"","""","""",""-- / 0"","""",""1"",""-- / 0"","""",""5"",""-- / 0"","""",""5"",""-- / 0"","""",""4"",""-- / 0"","""",""1"",""-- / 0"","""",""6"",""-- / 0"","""""
"2025/01/08 3:32:30 PM GMT,""0.00 / 0"",""15"",""-- / 0"","""",""Same hand trigger button: only haptic"",""-- / 0"","""",""6"",""-- / 0"","""",""4"",""-- / 0"","""",""2"",""-- / 0"","""",""6"",""-- / 0"","""",""6"",""-- / 0"","""",""2"",""-- / 0"","""","""",""-- / 0"","""",""4"",""-- / 0"","""",""6"",""-- / 0"","""","""",""-- / 0"","""",""No"",""-- / 0"","""","""",""-- / 0"","""",""1"",""-- / 0"","""",""4"",""-- / 0"","""",""4"",""-- / 0"","""",""4"",""-- / 0"","""",""2"",""-- / 0"","""",""6"",""-- / 0"","""""
"2025/01/08 3:34:53 PM GMT,""0.00 / 0"",""15"",""-- / 0"","""",""Same hand trigger button: only audio"",""-- / 0"","""",""8"",""-- / 0"","""",""4"",""-- / 0"","""",""2"",""-- / 0"","""",""6"",""-- / 0"","""",""8"",""-- / 0"","""",""2"",""-- / 0"","""","""",""-- / 0"","""",""5"",""-- / 0"","""",""6"",""-- / 0"","""","""",""-- / 0"","""",""No"",""-- / 0"","""","""",""-- / 0"","""",""1"",""-- / 0"","""",""5"",""-- / 0"","""",""4"",""-- / 0"","""",""4"",""-- / 0"","""",""1"",""-- / 0"","""",""6"",""-- / 0"","""""
"2025/01/08 3:37:20 PM GMT,""0.00 / 0"",""15"",""-- / 0"","""",""Button on other hand: visual + haptic"",""-- / 0"","""",""7"",""-- / 0"","""",""3"",""-- / 0"","""",""2"",""-- / 0"","""",""7"",""-- / 0"","""",""7"",""-- / 0"","""",""2"",""-- / 0"","""","""",""-- / 0"","""",""5"",""-- / 0"","""",""6"",""-- / 0"","""","""",""-- / 0"","""",""No"",""-- / 0"","""","""",""-- / 0"","""",""2"",""-- / 0"","""",""5"",""-- / 0"","""",""4"",""-- / 0"","""",""4"",""-- / 0"","""",""1"",""-- / 0"","""",""5"",""-- / 0"","""""
"2025/01/08 3:40:17 PM GMT,""0.00 / 0"",""15"",""-- / 0"","""",""Same hand trigger button: visual + haptic + audio"",""-- / 0"","""",""7"",""-- / 0"","""",""4"",""-- / 0"","""",""2"",""-- / 0"","""",""7"",""-- / 0"","""",""7"",""-- / 0"","""",""2"",""-- / 0"","""","""",""-- / 0"","""",""5"",""-- / 0"","""",""6"",""-- / 0"","""","""",""-- / 0"","""",""No"",""-- / 0"","""","""",""-- / 0"","""",""2"",""-- / 0"","""",""4"",""-- / 0"","""",""4"",""-- / 0"","""",""4"",""-- / 0"","""",""2"",""-- / 0"","""",""6"",""-- / 0"","""""
"2025/01/08 3:52:16 PM GMT,""0.00 / 0"",""16"",""-- / 0"","""",""Same hand trigger button: only audio"",""-- / 0"","""",""3"",""-- / 0"","""",""2"",""-- / 0"","""",""1"",""-- / 0"","""",""8"",""-- / 0"","""",""5"",""-- / 0"","""",""2"",""-- / 0"","""","""",""-- / 0"","""",""6"",""-- / 0"","""",""6"",""-- / 0"","""","""",""-- / 0"","""",""No"",""-- / 0"","""","""",""-- / 0"","""",""1"",""-- / 0"","""",""5"",""-- / 0"","""",""4"",""-- / 0"","""",""4"",""-- / 0"","""",""1"",""-- / 0"","""",""5"",""-- / 0"","""""
"2025/01/08 3:55:31 PM GMT,""0.00 / 0"",""16"",""-- / 0"","""",""Same hand trigger button: visual + haptic"",""-- / 0"","""",""2"",""-- / 0"","""",""4"",""-- / 0"","""",""2"",""-- / 0"","""",""7"",""-- / 0"","""",""6"",""-- / 0"","""",""4"",""-- / 0"","""","""",""-- / 0"","""",""4"",""-- / 0"","""",""4"",""-- / 0"","""","""",""-- / 0"","""",""No"",""-- / 0"","""","""",""-- / 0"","""",""1"",""-- / 0"","""",""2"",""-- / 0"","""",""5"",""-- / 0"","""",""4"",""-- / 0"","""",""1"",""-- / 0"","""",""4"",""-- / 0"","""""
"2025/01/08 3:58:45 PM GMT,""0.00 / 0"",""16"",""-- / 0"","""",""Same hand trigger button: visual + haptic + audio"",""-- / 0"","""",""4"",""-- / 0"","""",""5"",""-- / 0"","""",""2"",""-- / 0"","""",""5"",""-- / 0"","""",""6"",""-- / 0"","""",""5"",""-- / 0"","""","""",""-- / 0"","""",""4"",""-- / 0"","""",""2"",""-- / 0"","""","""",""-- / 0"","""",""No"",""-- / 0"","""","""",""-- / 0"","""",""1"",""-- / 0"","""",""5"",""-- / 0"","""",""5"",""-- / 0"","""",""4"",""-- / 0"","""",""1"",""-- / 0"","""",""5"",""-- / 0"","""""
"2025/01/08 4:00:35 PM GMT,""0.00 / 0"",""16"",""-- / 0"","""",""Same hand trigger button: only visual"",""-- / 0"","""",""3"",""-- / 0"","""",""2"",""-- / 0"","""",""1"",""-- / 0"","""",""6"",""-- / 0"","""",""2"",""-- / 0"","""",""2"",""-- / 0"","""","""",""-- / 0"","""",""6"",""-- / 0"","""",""7"",""-- / 0"","""","""",""-- / 0"","""",""No"",""-- / 0"","""","""",""-- / 0"","""",""1"",""-- / 0"","""",""4"",""-- / 0"","""",""5"",""-- / 0"","""",""5"",""-- / 0"","""",""1"",""-- / 0"","""",""6"",""-- / 0"","""""
"2025/01/08 4:17:07 PM GMT,""0.00 / 0"",""16"",""-- / 0"","""",""Button on other hand: only haptic"",""-- / 0"","""",""2"",""-- / 0"","""",""2"",""-- / 0"","""",""1"",""-- / 0"","""",""5"",""-- / 0"","""",""2"",""-- / 0"","""",""3"",""-- / 0"","""",""Hard to know how close to bullseye."",""-- / 0"","""",""5"",""-- / 0"","""",""7"",""-- / 0"","""","""",""-- / 0"","""",""No"",""-- / 0"","""","""",""-- / 0"","""",""1"",""-- / 0"","""",""3"",""-- / 0"","""",""3"",""-- / 0"","""",""3"",""-- / 0"","""",""1"",""-- / 0"","""",""6"",""-- / 0"","""""
"2025/01/08 4:19:46 PM GMT,""0.00 / 0"",""16"",""-- / 0"","""",""Button on other hand: only audio"",""-- / 0"","""",""2"",""-- / 0"","""",""3"",""-- / 0"","""",""1"",""-- / 0"","""",""9"",""-- / 0"","""",""3"",""-- / 0"","""",""3"",""-- / 0"","""","""",""-- / 0"","""",""6"",""-- / 0"","""",""5"",""-- / 0"","""","""",""-- / 0"","""",""No"",""-- / 0"","""","""",""-- / 0"","""",""1"",""-- / 0"","""",""5"",""-- / 0"","""",""5"",""-- / 0"","""",""5"",""-- / 0"","""",""1"",""-- / 0"","""",""6"",""-- / 0"","""""
"2025/01/08 4:22:42 PM GMT,""0.00 / 0"",""16"",""-- / 0"","""",""Button on other hand: visual + haptic"",""-- / 0"","""",""3"",""-- / 0"","""",""2"",""-- / 0"","""",""1"",""-- / 0"","""",""6"",""-- / 0"","""",""5"",""-- / 0"","""",""6"",""-- / 0"","""","""",""-- / 0"","""",""4"",""-- / 0"","""",""4"",""-- / 0"","""","""",""-- / 0"","""",""No"",""-- / 0"","""","""",""-- / 0"","""",""1"",""-- / 0"","""",""5"",""-- / 0"","""",""5"",""-- / 0"","""",""4"",""-- / 0"","""",""1"",""-- / 0"","""",""6"",""-- / 0"","""""
"2025/01/08 4:25:49 PM GMT,""0.00 / 0"",""16"",""-- / 0"","""",""Button on other hand: visual + haptic + audio"",""-- / 0"","""",""3"",""-- / 0"","""",""3"",""-- / 0"","""",""1"",""-- / 0"","""",""7"",""-- / 0"","""",""5"",""-- / 0"","""",""4"",""-- / 0"","""","""",""-- / 0"","""",""5"",""-- / 0"","""",""4"",""-- / 0"","""","""",""-- / 0"","""",""No"",""-- / 0"","""","""",""-- / 0"","""",""1"",""-- / 0"","""",""5"",""-- / 0"","""",""1"",""-- / 0"","""",""5"",""-- / 0"","""",""1"",""-- / 0"","""",""6"",""-- / 0"","""""
"2025/01/08 4:28:59 PM GMT,""0.00 / 0"",""16"",""-- / 0"","""",""Button on other hand: only visual"",""-- / 0"","""",""1"",""-- / 0"","""",""2"",""-- / 0"","""",""1"",""-- / 0"","""",""7"",""-- / 0"","""",""4"",""-- / 0"","""",""3"",""-- / 0"","""","""",""-- / 0"","""",""5"",""-- / 0"","""",""3"",""-- / 0"","""","""",""-- / 0"","""",""No"",""-- / 0"","""","""",""-- / 0"","""",""1"",""-- / 0"","""",""5"",""-- / 0"","""",""5"",""-- / 0"","""",""5"",""-- / 0"","""",""1"",""-- / 0"","""",""6"",""-- / 0"","""""
"2025/01/08 4:40:55 PM GMT,""0.00 / 0"",""17"",""-- / 0"","""",""Button on other hand: visual + haptic + audio"",""-- / 0"","""",""1"",""-- / 0"","""",""1"",""-- / 0"","""",""3"",""-- / 0"","""",""10"",""-- / 0"","""",""4"",""-- / 0"","""",""1"",""-- / 0"","""","""",""-- / 0"","""",""7"",""-- / 0"","""",""5"",""-- / 0"","""",""I could definitely try to aim more accurately but it will take a little longer"",""-- / 0"","""",""No"",""-- / 0"","""","""",""-- / 0"","""",""1"",""-- / 0"","""",""5"",""-- / 0"","""",""3"",""-- / 0"","""",""5"",""-- / 0"","""",""1"",""-- / 0"","""",""6"",""-- / 0"","""""
"2025/01/08 4:42:52 PM GMT,""0.00 / 0"",""17"",""-- / 0"","""",""Button on other hand: only visual"",""-- / 0"","""",""1"",""-- / 0"","""",""3"",""-- / 0"","""",""1"",""-- / 0"","""",""7"",""-- / 0"","""",""2"",""-- / 0"","""",""1"",""-- / 0"","""","""",""-- / 0"","""",""5"",""-- / 0"","""",""6"",""-- / 0"","""","""",""-- / 0"","""",""No"",""-- / 0"","""","""",""-- / 0"","""",""1"",""-- / 0"","""",""4"",""-- / 0"","""",""4"",""-- / 0"","""",""4"",""-- / 0"","""",""1"",""-- / 0"","""",""4"",""-- / 0"","""""
"2025/01/08 4:44:40 PM GMT,""0.00 / 0"",""17"",""-- / 0"","""",""Button on other hand: only haptic"",""-- / 0"","""",""1"",""-- / 0"","""",""1"",""-- / 0"","""",""1"",""-- / 0"","""",""9"",""-- / 0"","""",""1"",""-- / 0"","""",""1"",""-- / 0"","""","""",""-- / 0"","""",""6"",""-- / 0"","""",""6"",""-- / 0"","""","""",""-- / 0"","""",""No"",""-- / 0"","""","""",""-- / 0"","""",""1"",""-- / 0"","""",""5"",""-- / 0"","""",""5"",""-- / 0"","""",""5"",""-- / 0"","""",""1"",""-- / 0"","""",""6"",""-- / 0"","""""
"2025/01/08 4:46:48 PM GMT,""0.00 / 0"",""17"",""-- / 0"","""",""Button on other hand: only audio"",""-- / 0"","""",""3"",""-- / 0"","""",""3"",""-- / 0"","""",""1"",""-- / 0"","""",""7"",""-- / 0"","""",""3"",""-- / 0"","""",""2"",""-- / 0"","""","""",""-- / 0"","""",""7"",""-- / 0"","""",""6"",""-- / 0"","""","""",""-- / 0"","""",""No"",""-- / 0"","""","""",""-- / 0"","""",""1"",""-- / 0"","""",""2"",""-- / 0"","""",""2"",""-- / 0"","""",""2"",""-- / 0"","""",""3"",""-- / 0"","""",""4"",""-- / 0"","""""
"2025/01/08 4:48:18 PM GMT,""0.00 / 0"",""17"",""-- / 0"","""",""Same hand trigger button: visual + haptic"",""-- / 0"","""",""1"",""-- / 0"","""",""1"",""-- / 0"","""",""1"",""-- / 0"","""",""8"",""-- / 0"","""",""6"",""-- / 0"","""",""1"",""-- / 0"","""","""",""-- / 0"","""",""6"",""-- / 0"","""",""6"",""-- / 0"","""","""",""-- / 0"","""",""No"",""-- / 0"","""","""",""-- / 0"","""",""1"",""-- / 0"","""",""5"",""-- / 0"","""",""5"",""-- / 0"","""",""5"",""-- / 0"","""",""1"",""-- / 0"","""",""7"",""-- / 0"","""""
"2025/01/08 4:49:41 PM GMT,""0.00 / 0"",""17"",""-- / 0"","""",""Same hand trigger button: visual + haptic + audio"",""-- / 0"","""",""1"",""-- / 0"","""",""1"",""-- / 0"","""",""1"",""-- / 0"","""",""10"",""-- / 0"","""",""1"",""-- / 0"","""",""1"",""-- / 0"","""","""",""-- / 0"","""",""7"",""-- / 0"","""",""7"",""-- / 0"","""","""",""-- / 0"","""",""No"",""-- / 0"","""","""",""-- / 0"","""",""1"",""-- / 0"","""",""5"",""-- / 0"","""",""5"",""-- / 0"","""",""5"",""-- / 0"","""",""1"",""-- / 0"","""",""7"",""-- / 0"","""""
"2025/01/08 4:51:44 PM GMT,""0.00 / 0"",""17"",""-- / 0"","""",""Same hand trigger button: only visual"",""-- / 0"","""",""4"",""-- / 0"","""",""6"",""-- / 0"","""",""1"",""-- / 0"","""",""5"",""-- / 0"","""",""5"",""-- / 0"","""",""3"",""-- / 0"","""",""Targeting aiming using just visuals is a bit tough"",""-- / 0"","""",""6"",""-- / 0"","""",""5"",""-- / 0"","""","""",""-- / 0"","""",""No"",""-- / 0"","""","""",""-- / 0"","""",""1"",""-- / 0"","""",""4"",""-- / 0"","""",""2"",""-- / 0"","""",""2"",""-- / 0"","""",""1"",""-- / 0"","""",""4"",""-- / 0"","""""
"2025/01/08 4:53:20 PM GMT,""0.00 / 0"",""17"",""-- / 0"","""",""Same hand trigger button: only haptic"",""-- / 0"","""",""1"",""-- / 0"","""",""1"",""-- / 0"","""",""1"",""-- / 0"","""",""8"",""-- / 0"","""",""1"",""-- / 0"","""",""1"",""-- / 0"","""","""",""-- / 0"","""",""6"",""-- / 0"","""",""6"",""-- / 0"","""","""",""-- / 0"","""",""No"",""-- / 0"","""","""",""-- / 0"","""",""1"",""-- / 0"","""",""3"",""-- / 0"","""",""3"",""-- / 0"","""",""4"",""-- / 0"","""",""1"",""-- / 0"","""",""5"",""-- / 0"","""""
"2025/01/08 4:55:14 PM GMT,""0.00 / 0"",""17"",""-- / 0"","""",""Same hand trigger button: only audio"",""-- / 0"","""",""1"",""-- / 0"","""",""4"",""-- / 0"","""",""1"",""-- / 0"","""",""5"",""-- / 0"","""",""4"",""-- / 0"","""",""2"",""-- / 0"","""","""",""-- / 0"","""",""3"",""-- / 0"","""",""4"",""-- / 0"","""","""",""-- / 0"","""",""No"",""-- / 0"","""","""",""-- / 0"","""",""1"",""-- / 0"","""",""2"",""-- / 0"","""",""2"",""-- / 0"","""",""2"",""-- / 0"","""",""2"",""-- / 0"","""",""3"",""-- / 0"","""""
"2025/01/08 5:20:40 PM GMT,""0.00 / 0"",""18"",""-- / 0"","""",""Same hand trigger button: visual + haptic"",""-- / 0"","""",""2"",""-- / 0"","""",""1"",""-- / 0"","""",""3"",""-- / 0"","""",""4"",""-- / 0"","""",""7"",""-- / 0"","""",""5"",""-- / 0"","""","""",""-- / 0"","""",""3"",""-- / 0"","""",""4"",""-- / 0"","""","""",""-- / 0"","""",""No"",""-- / 0"","""","""",""-- / 0"","""",""1"",""-- / 0"","""",""5"",""-- / 0"","""",""4"",""-- / 0"","""",""5"",""-- / 0"","""",""2"",""-- / 0"","""",""6"",""-- / 0"","""""
"2025/01/08 5:24:00 PM GMT,""0.00 / 0"",""18"",""-- / 0"","""",""Same hand trigger button: visual + haptic + audio"",""-- / 0"","""",""2"",""-- / 0"","""",""2"",""-- / 0"","""",""2"",""-- / 0"","""",""6"",""-- / 0"","""",""6"",""-- / 0"","""",""5"",""-- / 0"","""","""",""-- / 0"","""",""5"",""-- / 0"","""",""6"",""-- / 0"","""","""",""-- / 0"","""",""No"",""-- / 0"","""","""",""-- / 0"","""",""1"",""-- / 0"","""",""5"",""-- / 0"","""",""4"",""-- / 0"","""",""4"",""-- / 0"","""",""1"",""-- / 0"","""",""7"",""-- / 0"","""""
"2025/01/08 5:26:36 PM GMT,""0.00 / 0"",""18"",""-- / 0"","""",""Same hand trigger button: only visual"",""-- / 0"","""",""2"",""-- / 0"","""",""2"",""-- / 0"","""",""3"",""-- / 0"","""",""3"",""-- / 0"","""",""7"",""-- / 0"","""",""5"",""-- / 0"","""","""",""-- / 0"","""",""3"",""-- / 0"","""",""4"",""-- / 0"","""","""",""-- / 0"","""",""No"",""-- / 0"","""","""",""-- / 0"","""",""4"",""-- / 0"","""",""3"",""-- / 0"","""",""5"",""-- / 0"","""",""2"",""-- / 0"","""",""2"",""-- / 0"","""",""3"",""-- / 0"","""""
"2025/01/08 5:29:33 PM GMT,""0.00 / 0"",""18"",""-- / 0"","""",""Button on other hand: only haptic"",""-- / 0"","""",""2"",""-- / 0"","""",""2"",""-- / 0"","""",""4"",""-- / 0"","""",""3"",""-- / 0"","""",""8"",""-- / 0"","""",""5"",""-- / 0"","""","""",""-- / 0"","""",""1"",""-- / 0"","""",""4"",""-- / 0"","""","""",""-- / 0"","""",""No"",""-- / 0"","""","""",""-- / 0"","""",""5"",""-- / 0"","""",""1"",""-- / 0"","""",""2"",""-- / 0"","""",""2"",""-- / 0"","""",""2"",""-- / 0"","""",""4"",""-- / 0"","""""
"2025/01/08 5:33:02 PM GMT,""0.00 / 0"",""18"",""-- / 0"","""",""Button on other hand: only audio"",""-- / 0"","""",""2"",""-- / 0"","""",""2"",""-- / 0"","""",""1"",""-- / 0"","""",""4"",""-- / 0"","""",""6"",""-- / 0"","""",""5"",""-- / 0"","""","""",""-- / 0"","""",""3"",""-- / 0"","""",""2"",""-- / 0"","""","""",""-- / 0"","""",""No"",""-- / 0"","""","""",""-- / 0"","""",""2"",""-- / 0"","""",""4"",""-- / 0"","""",""3"",""-- / 0"","""",""4"",""-- / 0"","""",""1"",""-- / 0"","""",""5"",""-- / 0"","""""
"2025/01/08 5:35:31 PM GMT,""0.00 / 0"",""18"",""-- / 0"","""",""Button on other hand: visual + haptic"",""-- / 0"","""",""2"",""-- / 0"","""",""2"",""-- / 0"","""",""2"",""-- / 0"","""",""7"",""-- / 0"","""",""6"",""-- / 0"","""",""5"",""-- / 0"","""","""",""-- / 0"","""",""5"",""-- / 0"","""",""5"",""-- / 0"","""","""",""-- / 0"","""",""No"",""-- / 0"","""","""",""-- / 0"","""",""2"",""-- / 0"","""",""4"",""-- / 0"","""",""4"",""-- / 0"","""",""4"",""-- / 0"","""",""1"",""-- / 0"","""",""5"",""-- / 0"","""""
"2025/01/08 5:38:07 PM GMT,""0.00 / 0"",""18"",""-- / 0"","""",""Button on other hand: visual + haptic + audio"",""-- / 0"","""",""2"",""-- / 0"","""",""2"",""-- / 0"","""",""2"",""-- / 0"","""",""9"",""-- / 0"","""",""4"",""-- / 0"","""",""3"",""-- / 0"","""","""",""-- / 0"","""",""7"",""-- / 0"","""",""6"",""-- / 0"","""","""",""-- / 0"","""",""No"",""-- / 0"","""","""",""-- / 0"","""",""1"",""-- / 0"","""",""5"",""-- / 0"","""",""5"",""-- / 0"","""",""5"",""-- / 0"","""",""1"",""-- / 0"","""",""7"",""-- / 0"","""""
"2025/01/08 5:40:17 PM GMT,""0.00 / 0"",""18"",""-- / 0"","""",""Button on other hand: only visual"",""-- / 0"","""",""2"",""-- / 0"","""",""2"",""-- / 0"","""",""2"",""-- / 0"","""",""6"",""-- / 0"","""",""6"",""-- / 0"","""",""5"",""-- / 0"","""","""",""-- / 0"","""",""5"",""-- / 0"","""",""5"",""-- / 0"","""","""",""-- / 0"","""",""No"",""-- / 0"","""","""",""-- / 0"","""",""1"",""-- / 0"","""",""5"",""-- / 0"","""",""5"",""-- / 0"","""",""4"",""-- / 0"","""",""1"",""-- / 0"","""",""6"",""-- / 0"","""""
"2025/01/08 11:36:38 PM GMT,""0.00 / 0"",""19"",""-- / 0"","""",""Button on other hand: only visual"",""-- / 0"","""",""5"",""-- / 0"","""",""2"",""-- / 0"","""",""5"",""-- / 0"","""",""7"",""-- / 0"","""",""4"",""-- / 0"","""",""5"",""-- / 0"","""","""",""-- / 0"","""",""5"",""-- / 0"","""",""7"",""-- / 0"","""","""",""-- / 0"","""",""Yes"",""-- / 0"","""","""",""-- / 0"","""",""2"",""-- / 0"","""",""5"",""-- / 0"","""",""5"",""-- / 0"","""",""4"",""-- / 0"","""",""1"",""-- / 0"","""",""6"",""-- / 0"","""""
"2025/01/08 11:40:18 PM GMT,""0.00 / 0"",""19"",""-- / 0"","""",""Button on other hand: only haptic"",""-- / 0"","""",""5"",""-- / 0"","""",""2"",""-- / 0"","""",""5"",""-- / 0"","""",""7"",""-- / 0"","""",""8"",""-- / 0"","""",""5"",""-- / 0"","""","""",""-- / 0"","""",""5"",""-- / 0"","""",""7"",""-- / 0"","""","""",""-- / 0"","""",""No"",""-- / 0"","""","""",""-- / 0"","""",""2"",""-- / 0"","""",""5"",""-- / 0"","""",""5"",""-- / 0"","""",""4"",""-- / 0"","""",""1"",""-- / 0"","""",""6"",""-- / 0"","""""
"2025/01/08 11:44:36 PM GMT,""0.00 / 0"",""19"",""-- / 0"","""",""Button on other hand: only audio"",""-- / 0"","""",""3"",""-- / 0"","""",""2"",""-- / 0"","""",""4"",""-- / 0"","""",""8"",""-- / 0"","""",""5"",""-- / 0"","""",""2"",""-- / 0"","""","""",""-- / 0"","""",""6"",""-- / 0"","""",""7"",""-- / 0"","""","""",""-- / 0"","""",""No"",""-- / 0"","""","""",""-- / 0"","""",""1"",""-- / 0"","""",""5"",""-- / 0"","""",""5"",""-- / 0"","""",""5"",""-- / 0"","""",""1"",""-- / 0"","""",""6"",""-- / 0"","""""
"2025/01/08 11:47:51 PM GMT,""0.00 / 0"",""19"",""-- / 0"","""",""Button on other hand: visual + haptic"",""-- / 0"","""",""2"",""-- / 0"","""",""2"",""-- / 0"","""",""4"",""-- / 0"","""",""9"",""-- / 0"","""",""4"",""-- / 0"","""",""2"",""-- / 0"","""","""",""-- / 0"","""",""6"",""-- / 0"","""",""7"",""-- / 0"","""","""",""-- / 0"","""",""No"",""-- / 0"","""","""",""-- / 0"","""",""1"",""-- / 0"","""",""5"",""-- / 0"","""",""5"",""-- / 0"","""",""5"",""-- / 0"","""",""1"",""-- / 0"","""",""6"",""-- / 0"","""""
"2025/01/08 11:51:56 PM GMT,""0.00 / 0"",""19"",""-- / 0"","""",""Same hand trigger button: visual + haptic + audio"",""-- / 0"","""",""5"",""-- / 0"","""",""2"",""-- / 0"","""",""3"",""-- / 0"","""",""7"",""-- / 0"","""",""5"",""-- / 0"","""",""4"",""-- / 0"","""","""",""-- / 0"","""",""6"",""-- / 0"","""",""7"",""-- / 0"","""","""",""-- / 0"","""",""No"",""-- / 0"","""","""",""-- / 0"","""",""1"",""-- / 0"","""",""5"",""-- / 0"","""",""5"",""-- / 0"","""",""5"",""-- / 0"","""",""1"",""-- / 0"","""",""6"",""-- / 0"","""""
"2025/01/08 11:54:13 PM GMT,""0.00 / 0"",""19"",""-- / 0"","""",""Same hand trigger button: only visual"",""-- / 0"","""",""2"",""-- / 0"","""",""2"",""-- / 0"","""",""2"",""-- / 0"","""",""8"",""-- / 0"","""",""5"",""-- / 0"","""",""2"",""-- / 0"","""","""",""-- / 0"","""",""6"",""-- / 0"","""",""7"",""-- / 0"","""","""",""-- / 0"","""",""No"",""-- / 0"","""","""",""-- / 0"","""",""1"",""-- / 0"","""",""5"",""-- / 0"","""",""5"",""-- / 0"","""",""5"",""-- / 0"","""",""1"",""-- / 0"","""",""6"",""-- / 0"","""""
"2025/01/08 11:56:30 PM GMT,""0.00 / 0"",""19"",""-- / 0"","""",""Same hand trigger button: only haptic"",""-- / 0"","""",""2"",""-- / 0"","""",""2"",""-- / 0"","""",""2"",""-- / 0"","""",""8"",""-- / 0"","""",""5"",""-- / 0"","""",""2"",""-- / 0"","""","""",""-- / 0"","""",""6"",""-- / 0"","""",""7"",""-- / 0"","""","""",""-- / 0"","""",""No"",""-- / 0"","""","""",""-- / 0"","""",""1"",""-- / 0"","""",""5"",""-- / 0"","""",""5"",""-- / 0"","""",""5"",""-- / 0"","""",""1"",""-- / 0"","""",""6"",""-- / 0"","""""
"2025/01/08 11:59:03 PM GMT,""0.00 / 0"",""19"",""-- / 0"","""",""Same hand trigger button: only audio"",""-- / 0"","""",""2"",""-- / 0"","""",""2"",""-- / 0"","""",""3"",""-- / 0"","""",""8"",""-- / 0"","""",""7"",""-- / 0"","""",""2"",""-- / 0"","""","""",""-- / 0"","""",""6"",""-- / 0"","""",""7"",""-- / 0"","""","""",""-- / 0"","""",""No"",""-- / 0"","""","""",""-- / 0"","""",""1"",""-- / 0"","""",""5"",""-- / 0"","""",""5"",""-- / 0"","""",""5"",""-- / 0"","""",""1"",""-- / 0"","""",""6"",""-- / 0"","""""
"2025/01/09 12:01:29 AM GMT,""0.00 / 0"",""19"",""-- / 0"","""",""Same hand trigger button: visual + haptic"",""-- / 0"","""",""2"",""-- / 0"","""",""2"",""-- / 0"","""",""4"",""-- / 0"","""",""7"",""-- / 0"","""",""5"",""-- / 0"","""",""2"",""-- / 0"","""","""",""-- / 0"","""",""6"",""-- / 0"","""",""7"",""-- / 0"","""","""",""-- / 0"","""",""No"",""-- / 0"","""","""",""-- / 0"","""",""1"",""-- / 0"","""",""5"",""-- / 0"","""",""5"",""-- / 0"","""",""5"",""-- / 0"","""",""1"",""-- / 0"","""",""6"",""-- / 0"","""""
"2025/01/09 10:26:16 AM GMT,""0.00 / 0"",""25"",""-- / 0"","""",""Button on other hand: only haptic"",""-- / 0"","""",""1"",""-- / 0"","""",""1"",""-- / 0"","""",""3"",""-- / 0"","""",""9"",""-- / 0"","""",""2"",""-- / 0"","""",""2"",""-- / 0"","""","""",""-- / 0"","""",""6"",""-- / 0"","""",""7"",""-- / 0"","""","""",""-- / 0"","""",""No"",""-- / 0"","""","""",""-- / 0"","""",""1"",""-- / 0"","""",""5"",""-- / 0"","""",""5"",""-- / 0"","""",""5"",""-- / 0"","""",""2"",""-- / 0"","""",""7"",""-- / 0"","""""
"2025/01/09 10:30:17 AM GMT,""0.00 / 0"",""25"",""-- / 0"","""",""Button on other hand: only audio"",""-- / 0"","""",""1"",""-- / 0"","""",""1"",""-- / 0"","""",""3"",""-- / 0"","""",""8"",""-- / 0"","""",""3"",""-- / 0"","""",""2"",""-- / 0"","""","""",""-- / 0"","""",""6"",""-- / 0"","""",""7"",""-- / 0"","""","""",""-- / 0"","""",""No"",""-- / 0"","""","""",""-- / 0"","""",""1"",""-- / 0"","""",""4"",""-- / 0"","""",""5"",""-- / 0"","""",""4"",""-- / 0"","""",""1"",""-- / 0"","""",""6"",""-- / 0"","""""
"2025/01/09 10:33:05 AM GMT,""0.00 / 0"",""25"",""-- / 0"","""",""Button on other hand: visual + haptic"",""-- / 0"","""",""2"",""-- / 0"","""",""1"",""-- / 0"","""",""3"",""-- / 0"","""",""9"",""-- / 0"","""",""2"",""-- / 0"","""",""2"",""-- / 0"","""","""",""-- / 0"","""",""6"",""-- / 0"","""",""7"",""-- / 0"","""","""",""-- / 0"","""",""No"",""-- / 0"","""","""",""-- / 0"","""",""1"",""-- / 0"","""",""4"",""-- / 0"","""",""5"",""-- / 0"","""",""5"",""-- / 0"","""",""1"",""-- / 0"","""",""6"",""-- / 0"","""""
"2025/01/09 10:36:36 AM GMT,""0.00 / 0"",""25"",""-- / 0"","""",""Button on other hand: visual + haptic + audio"",""-- / 0"","""",""2"",""-- / 0"","""",""1"",""-- / 0"","""",""2"",""-- / 0"","""",""8"",""-- / 0"","""",""3"",""-- / 0"","""",""2"",""-- / 0"","""","""",""-- / 0"","""",""6"",""-- / 0"","""",""6"",""-- / 0"","""","""",""-- / 0"","""",""No"",""-- / 0"","""","""",""-- / 0"","""",""1"",""-- / 0"","""",""5"",""-- / 0"","""",""5"",""-- / 0"","""",""4"",""-- / 0"","""",""1"",""-- / 0"","""",""6"",""-- / 0"","""""
"2025/01/09 10:39:28 AM GMT,""0.00 / 0"",""25"",""-- / 0"","""",""Same hand trigger button: only visual"",""-- / 0"","""",""2"",""-- / 0"","""",""1"",""-- / 0"","""",""5"",""-- / 0"","""",""8"",""-- / 0"","""",""2"",""-- / 0"","""",""2"",""-- / 0"","""","""",""-- / 0"","""",""6"",""-- / 0"","""",""7"",""-- / 0"","""","""",""-- / 0"","""",""No"",""-- / 0"","""","""",""-- / 0"","""",""1"",""-- / 0"","""",""4"",""-- / 0"","""",""5"",""-- / 0"","""",""4"",""-- / 0"","""",""1"",""-- / 0"","""",""6"",""-- / 0"","""""
"2025/01/09 10:41:48 AM GMT,""0.00 / 0"",""25"",""-- / 0"","""",""Same hand trigger button: only haptic"",""-- / 0"","""",""1"",""-- / 0"","""",""1"",""-- / 0"","""",""5"",""-- / 0"","""",""9"",""-- / 0"","""",""1"",""-- / 0"","""",""1"",""-- / 0"","""","""",""-- / 0"","""",""7"",""-- / 0"","""",""7"",""-- / 0"","""","""",""-- / 0"","""",""No"",""-- / 0"","""","""",""-- / 0"","""",""1"",""-- / 0"","""",""5"",""-- / 0"","""",""5"",""-- / 0"","""",""5"",""-- / 0"","""",""1"",""-- / 0"","""",""7"",""-- / 0"","""""
"2025/01/09 10:43:57 AM GMT,""0.00 / 0"",""25"",""-- / 0"","""",""Same hand trigger button: only audio"",""-- / 0"","""",""1"",""-- / 0"","""",""1"",""-- / 0"","""",""5"",""-- / 0"","""",""9"",""-- / 0"","""",""1"",""-- / 0"","""",""1"",""-- / 0"","""","""",""-- / 0"","""",""7"",""-- / 0"","""",""7"",""-- / 0"","""","""",""-- / 0"","""",""No"",""-- / 0"","""","""",""-- / 0"","""",""1"",""-- / 0"","""",""5"",""-- / 0"","""",""5"",""-- / 0"","""",""5"",""-- / 0"","""",""1"",""-- / 0"","""",""7"",""-- / 0"","""""
"2025/01/09 10:46:34 AM GMT,""0.00 / 0"",""25"",""-- / 0"","""",""Same hand trigger button: visual + haptic"",""-- / 0"","""",""1"",""-- / 0"","""",""1"",""-- / 0"","""",""4"",""-- / 0"","""",""10"",""-- / 0"","""",""1"",""-- / 0"","""",""1"",""-- / 0"","""","""",""-- / 0"","""",""7"",""-- / 0"","""",""7"",""-- / 0"","""","""",""-- / 0"","""",""No"",""-- / 0"","""","""",""-- / 0"","""",""1"",""-- / 0"","""",""5"",""-- / 0"","""",""5"",""-- / 0"","""",""5"",""-- / 0"","""",""1"",""-- / 0"","""",""7"",""-- / 0"","""""
"2025/01/09 10:50:40 AM GMT,""0.00 / 0"",""25"",""-- / 0"","""",""Same hand trigger button: visual + haptic + audio"",""-- / 0"","""",""1"",""-- / 0"","""",""1"",""-- / 0"","""",""4"",""-- / 0"","""",""9"",""-- / 0"","""",""1"",""-- / 0"","""",""2"",""-- / 0"","""","""",""-- / 0"","""",""7"",""-- / 0"","""",""7"",""-- / 0"","""","""",""-- / 0"","""",""No"",""-- / 0"","""","""",""-- / 0"","""",""1"",""-- / 0"","""",""5"",""-- / 0"","""",""5"",""-- / 0"","""",""5"",""-- / 0"","""",""1"",""-- / 0"","""",""7"",""-- / 0"","""""
"2025/01/09 11:10:23 AM GMT,""0.00 / 0"",""26"",""-- / 0"","""",""Same hand trigger button: only audio"",""-- / 0"","""",""9"",""-- / 0"","""",""8"",""-- / 0"","""",""6"",""-- / 0"","""",""3"",""-- / 0"","""",""10"",""-- / 0"","""",""5"",""-- / 0"","""",""Moving targets are so hard, it feels like iÂ´m always aiming a little bit ahead"",""-- / 0"","""",""2"",""-- / 0"","""",""4"",""-- / 0"","""",""I hope i did well time wise"",""-- / 0"","""",""No"",""-- / 0"","""","""",""-- / 0"","""",""3"",""-- / 0"","""",""2"",""-- / 0"","""",""1"",""-- / 0"","""",""3"",""-- / 0"","""",""1"",""-- / 0"","""",""2"",""-- / 0"","""""
"2025/01/09 11:12:24 AM GMT,""0.00 / 0"",""26"",""-- / 0"","""",""Same hand trigger button: visual + haptic"",""-- / 0"","""",""7"",""-- / 0"","""",""8"",""-- / 0"","""",""6"",""-- / 0"","""",""3"",""-- / 0"","""",""8"",""-- / 0"","""",""4"",""-- / 0"","""","""",""-- / 0"","""",""3"",""-- / 0"","""",""4"",""-- / 0"","""","""",""-- / 0"","""",""No"",""-- / 0"","""","""",""-- / 0"","""",""3"",""-- / 0"","""",""3"",""-- / 0"","""",""4"",""-- / 0"","""",""2"",""-- / 0"","""",""1"",""-- / 0"","""",""4"",""-- / 0"","""""
"2025/01/09 11:16:28 AM GMT,""0.00 / 0"",""26"",""-- / 0"","""",""Same hand trigger button: visual + haptic + audio"",""-- / 0"","""",""7"",""-- / 0"","""",""9"",""-- / 0"","""",""6"",""-- / 0"","""",""3"",""-- / 0"","""",""7"",""-- / 0"","""",""4"",""-- / 0"","""","""",""-- / 0"","""",""5"",""-- / 0"","""",""4"",""-- / 0"","""","""",""-- / 0"","""",""No"",""-- / 0"","""","""",""-- / 0"","""",""2"",""-- / 0"","""",""4"",""-- / 0"","""",""5"",""-- / 0"","""",""3"",""-- / 0"","""",""1"",""-- / 0"","""",""4"",""-- / 0"","""""
"2025/01/09 11:19:14 AM GMT,""0.00 / 0"",""26"",""-- / 0"","""",""Same hand trigger button: only visual"",""-- / 0"","""",""6"",""-- / 0"","""",""6"",""-- / 0"","""",""5"",""-- / 0"","""",""9"",""-- / 0"","""",""4"",""-- / 0"","""",""3"",""-- / 0"","""","""",""-- / 0"","""",""7"",""-- / 0"","""",""7"",""-- / 0"","""","""",""-- / 0"","""",""No"",""-- / 0"","""","""",""-- / 0"","""",""1"",""-- / 0"","""",""5"",""-- / 0"","""",""5"",""-- / 0"","""",""5"",""-- / 0"","""",""2"",""-- / 0"","""",""7"",""-- / 0"","""""
"2025/01/09 11:21:24 AM GMT,""0.00 / 0"",""26"",""-- / 0"","""",""Button on other hand: only haptic"",""-- / 0"","""",""8"",""-- / 0"","""",""7"",""-- / 0"","""",""4"",""-- / 0"","""",""7"",""-- / 0"","""",""6"",""-- / 0"","""",""3"",""-- / 0"","""","""",""-- / 0"","""",""6"",""-- / 0"","""",""6"",""-- / 0"","""","""",""-- / 0"","""",""No"",""-- / 0"","""","""",""-- / 0"","""",""2"",""-- / 0"","""",""4"",""-- / 0"","""",""3"",""-- / 0"","""",""4"",""-- / 0"","""",""2"",""-- / 0"","""",""6"",""-- / 0"","""""
"2025/01/09 11:23:59 AM GMT,""0.00 / 0"",""26"",""-- / 0"","""",""Button on other hand: only audio"",""-- / 0"","""",""10"",""-- / 0"","""",""9"",""-- / 0"","""",""4"",""-- / 0"","""",""4"",""-- / 0"","""",""10"",""-- / 0"","""",""5"",""-- / 0"","""","""",""-- / 0"","""",""3"",""-- / 0"","""",""4"",""-- / 0"","""","""",""-- / 0"","""",""No"",""-- / 0"","""","""",""-- / 0"","""",""3"",""-- / 0"","""",""1"",""-- / 0"","""",""1"",""-- / 0"","""",""1"",""-- / 0"","""",""4"",""-- / 0"","""",""2"",""-- / 0"","""""
"2025/01/09 11:26:35 AM GMT,""0.00 / 0"",""26"",""-- / 0"","""",""Button on other hand: visual + haptic"",""-- / 0"","""",""8"",""-- / 0"","""",""7"",""-- / 0"","""",""6"",""-- / 0"","""",""6"",""-- / 0"","""",""7"",""-- / 0"","""",""5"",""-- / 0"","""","""",""-- / 0"","""",""4"",""-- / 0"","""",""4"",""-- / 0"","""","""",""-- / 0"","""",""No"",""-- / 0"","""","""",""-- / 0"","""",""3"",""-- / 0"","""",""3"",""-- / 0"","""",""2"",""-- / 0"","""",""2"",""-- / 0"","""",""2"",""-- / 0"","""",""3"",""-- / 0"","""""
"2025/01/09 11:28:54 AM GMT,""0.00 / 0"",""26"",""-- / 0"","""",""Button on other hand: visual + haptic + audio"",""-- / 0"","""",""7"",""-- / 0"","""",""7"",""-- / 0"","""",""5"",""-- / 0"","""",""5"",""-- / 0"","""",""7"",""-- / 0"","""",""5"",""-- / 0"","""","""",""-- / 0"","""",""3"",""-- / 0"","""",""3"",""-- / 0"","""","""",""-- / 0"","""",""No"",""-- / 0"","""","""",""-- / 0"","""",""4"",""-- / 0"","""",""2"",""-- / 0"","""",""2"",""-- / 0"","""",""2"",""-- / 0"","""",""3"",""-- / 0"","""",""4"",""-- / 0"","""""
"2025/01/09 11:31:13 AM GMT,""0.00 / 0"",""26"",""-- / 0"","""",""Button on other hand: only visual"",""-- / 0"","""",""6"",""-- / 0"","""",""6"",""-- / 0"","""",""6"",""-- / 0"","""",""5"",""-- / 0"","""",""6"",""-- / 0"","""",""4"",""-- / 0"","""","""",""-- / 0"","""",""4"",""-- / 0"","""",""4"",""-- / 0"","""","""",""-- / 0"","""",""No"",""-- / 0"","""","""",""-- / 0"","""",""3"",""-- / 0"","""",""3"",""-- / 0"","""",""4"",""-- / 0"","""",""3"",""-- / 0"","""",""2"",""-- / 0"","""",""5"",""-- / 0"","""""
"2025/01/09 11:41:19 AM GMT,""0.00 / 0"",""27"",""-- / 0"","""",""Button on other hand: visual + haptic + audio"",""-- / 0"","""",""4"",""-- / 0"","""",""4"",""-- / 0"","""",""3"",""-- / 0"","""",""7"",""-- / 0"","""",""6"",""-- / 0"","""",""2"",""-- / 0"","""","""",""-- / 0"","""",""6"",""-- / 0"","""",""6"",""-- / 0"","""","""",""-- / 0"","""",""No"",""-- / 0"","""","""",""-- / 0"","""",""1"",""-- / 0"","""",""5"",""-- / 0"","""",""5"",""-- / 0"","""",""4"",""-- / 0"","""",""1"",""-- / 0"","""",""7"",""-- / 0"","""""
"2025/01/09 11:44:48 AM GMT,""0.00 / 0"",""27"",""-- / 0"","""",""Button on other hand: only visual"",""-- / 0"","""",""5"",""-- / 0"","""",""4"",""-- / 0"","""",""3"",""-- / 0"","""",""5"",""-- / 0"","""",""7"",""-- / 0"","""",""3"",""-- / 0"","""","""",""-- / 0"","""",""5"",""-- / 0"","""",""4"",""-- / 0"","""","""",""-- / 0"","""",""No"",""-- / 0"","""","""",""-- / 0"","""",""2"",""-- / 0"","""",""4"",""-- / 0"","""",""4"",""-- / 0"","""",""3"",""-- / 0"","""",""1"",""-- / 0"","""",""5"",""-- / 0"","""""
"2025/01/09 11:47:14 AM GMT,""0.00 / 0"",""27"",""-- / 0"","""",""Button on other hand: only haptic"",""-- / 0"","""",""8"",""-- / 0"","""",""6"",""-- / 0"","""",""3"",""-- / 0"","""",""4"",""-- / 0"","""",""7"",""-- / 0"","""",""3"",""-- / 0"","""","""",""-- / 0"","""",""4"",""-- / 0"","""",""4"",""-- / 0"","""","""",""-- / 0"","""",""No"",""-- / 0"","""","""",""-- / 0"","""",""2"",""-- / 0"","""",""4"",""-- / 0"","""",""3"",""-- / 0"","""",""3"",""-- / 0"","""",""2"",""-- / 0"","""",""5"",""-- / 0"","""""
"2025/01/09 11:49:17 AM GMT,""0.00 / 0"",""27"",""-- / 0"","""",""Button on other hand: only audio"",""-- / 0"","""",""6"",""-- / 0"","""",""6"",""-- / 0"","""",""3"",""-- / 0"","""",""7"",""-- / 0"","""",""6"",""-- / 0"","""",""3"",""-- / 0"","""","""",""-- / 0"","""",""6"",""-- / 0"","""",""6"",""-- / 0"","""","""",""-- / 0"","""",""No"",""-- / 0"","""","""",""-- / 0"","""",""1"",""-- / 0"","""",""4"",""-- / 0"","""",""4"",""-- / 0"","""",""4"",""-- / 0"","""",""1"",""-- / 0"","""",""6"",""-- / 0"","""""
"2025/01/09 11:52:16 AM GMT,""0.00 / 0"",""27"",""-- / 0"","""",""Same hand trigger button: visual + haptic"",""-- / 0"","""",""7"",""-- / 0"","""",""7"",""-- / 0"","""",""5"",""-- / 0"","""",""5"",""-- / 0"","""",""7"",""-- / 0"","""",""5"",""-- / 0"","""","""",""-- / 0"","""",""4"",""-- / 0"","""",""3"",""-- / 0"","""","""",""-- / 0"","""",""No"",""-- / 0"","""","""",""-- / 0"","""",""2"",""-- / 0"","""",""2"",""-- / 0"","""",""3"",""-- / 0"","""",""2"",""-- / 0"","""",""2"",""-- / 0"","""",""4"",""-- / 0"","""""
"2025/01/09 11:54:21 AM GMT,""0.00 / 0"",""27"",""-- / 0"","""",""Same hand trigger button: visual + haptic + audio"",""-- / 0"","""",""4"",""-- / 0"","""",""6"",""-- / 0"","""",""4"",""-- / 0"","""",""8"",""-- / 0"","""",""6"",""-- / 0"","""",""3"",""-- / 0"","""","""",""-- / 0"","""",""6"",""-- / 0"","""",""5"",""-- / 0"","""","""",""-- / 0"","""",""No"",""-- / 0"","""","""",""-- / 0"","""",""1"",""-- / 0"","""",""4"",""-- / 0"","""",""4"",""-- / 0"","""",""4"",""-- / 0"","""",""1"",""-- / 0"","""",""6"",""-- / 0"","""""
"2025/01/09 11:56:40 AM GMT,""0.00 / 0"",""27"",""-- / 0"","""",""Same hand trigger button: only visual"",""-- / 0"","""",""5"",""-- / 0"","""",""5"",""-- / 0"","""",""4"",""-- / 0"","""",""9"",""-- / 0"","""",""7"",""-- / 0"","""",""2"",""-- / 0"","""","""",""-- / 0"","""",""7"",""-- / 0"","""",""6"",""-- / 0"","""","""",""-- / 0"","""",""No"",""-- / 0"","""","""",""-- / 0"","""",""1"",""-- / 0"","""",""5"",""-- / 0"","""",""5"",""-- / 0"","""",""4"",""-- / 0"","""",""1"",""-- / 0"","""",""7"",""-- / 0"","""""
"2025/01/09 11:58:56 AM GMT,""0.00 / 0"",""27"",""-- / 0"","""",""Same hand trigger button: only haptic"",""-- / 0"","""",""8"",""-- / 0"","""",""6"",""-- / 0"","""",""5"",""-- / 0"","""",""4"",""-- / 0"","""",""7"",""-- / 0"","""",""5"",""-- / 0"","""","""",""-- / 0"","""",""3"",""-- / 0"","""",""3"",""-- / 0"","""","""",""-- / 0"","""",""No"",""-- / 0"","""","""",""-- / 0"","""",""2"",""-- / 0"","""",""2"",""-- / 0"","""",""2"",""-- / 0"","""",""1"",""-- / 0"","""",""3"",""-- / 0"","""",""3"",""-- / 0"","""""
"2025/01/09 12:01:25 PM GMT,""0.00 / 0"",""27"",""-- / 0"","""",""Same hand trigger button: only audio"",""-- / 0"","""",""7"",""-- / 0"","""",""6"",""-- / 0"","""",""5"",""-- / 0"","""",""6"",""-- / 0"","""",""8"",""-- / 0"","""",""4"",""-- / 0"","""","""",""-- / 0"","""",""5"",""-- / 0"","""",""4"",""-- / 0"","""","""",""-- / 0"","""",""No"",""-- / 0"","""","""",""-- / 0"","""",""2"",""-- / 0"","""",""3"",""-- / 0"","""",""2"",""-- / 0"","""",""2"",""-- / 0"","""",""2"",""-- / 0"","""",""4"",""-- / 0"","""""
"2025/01/09 12:19:29 PM GMT,""0.00 / 0"",""28"",""-- / 0"","""",""Same hand trigger button: only audio"",""-- / 0"","""",""5"",""-- / 0"","""",""9"",""-- / 0"","""",""6"",""-- / 0"","""",""4"",""-- / 0"","""",""9"",""-- / 0"","""",""2"",""-- / 0"","""","""",""-- / 0"","""",""4"",""-- / 0"","""",""6"",""-- / 0"","""","""",""-- / 0"","""",""Yes"",""-- / 0"","""",""my eyes feel tired"",""-- / 0"","""",""1"",""-- / 0"","""",""5"",""-- / 0"","""",""5"",""-- / 0"","""",""4"",""-- / 0"","""",""1"",""-- / 0"","""",""6"",""-- / 0"","""""
"2025/01/09 12:27:20 PM GMT,""0.00 / 0"",""28"",""-- / 0"","""",""Same hand trigger button: visual + haptic"",""-- / 0"","""",""6"",""-- / 0"","""",""9"",""-- / 0"","""",""6"",""-- / 0"","""",""5"",""-- / 0"","""",""9"",""-- / 0"","""",""2"",""-- / 0"","""","""",""-- / 0"","""",""4"",""-- / 0"","""",""4"",""-- / 0"","""","""",""-- / 0"","""",""Yes"",""-- / 0"","""",""my eyes feel tired"",""-- / 0"","""",""1"",""-- / 0"","""",""5"",""-- / 0"","""",""5"",""-- / 0"","""",""4"",""-- / 0"","""",""1"",""-- / 0"","""",""6"",""-- / 0"","""""
"2025/01/09 12:31:29 PM GMT,""0.00 / 0"",""28"",""-- / 0"","""",""Same hand trigger button: visual + haptic + audio"",""-- / 0"","""",""6"",""-- / 0"","""",""7"",""-- / 0"","""",""7"",""-- / 0"","""",""7"",""-- / 0"","""",""9"",""-- / 0"","""",""2"",""-- / 0"","""","""",""-- / 0"","""",""5"",""-- / 0"","""",""6"",""-- / 0"","""","""",""-- / 0"","""",""Yes"",""-- / 0"","""",""my eyes feel tired"",""-- / 0"","""",""1"",""-- / 0"","""",""5"",""-- / 0"","""",""5"",""-- / 0"","""",""4"",""-- / 0"","""",""1"",""-- / 0"","""",""6"",""-- / 0"","""""
"2025/01/09 12:35:42 PM GMT,""0.00 / 0"",""28"",""-- / 0"","""",""Same hand trigger button: only visual"",""-- / 0"","""",""8"",""-- / 0"","""",""8"",""-- / 0"","""",""6"",""-- / 0"","""",""4"",""-- / 0"","""",""9"",""-- / 0"","""",""2"",""-- / 0"","""","""",""-- / 0"","""",""6"",""-- / 0"","""",""4"",""-- / 0"","""","""",""-- / 0"","""",""Yes"",""-- / 0"","""",""my eyes feel tired"",""-- / 0"","""",""1"",""-- / 0"","""",""5"",""-- / 0"","""",""5"",""-- / 0"","""",""4"",""-- / 0"","""",""1"",""-- / 0"","""",""6"",""-- / 0"","""""
"2025/01/09 12:38:57 PM GMT,""0.00 / 0"",""28"",""-- / 0"","""",""Button on other hand: only haptic"",""-- / 0"","""",""7"",""-- / 0"","""",""7"",""-- / 0"","""",""5"",""-- / 0"","""",""4"",""-- / 0"","""",""8"",""-- / 0"","""",""2"",""-- / 0"","""","""",""-- / 0"","""",""6"",""-- / 0"","""",""5"",""-- / 0"","""","""",""-- / 0"","""",""Yes"",""-- / 0"","""",""my eyes feel tired"",""-- / 0"","""",""1"",""-- / 0"","""",""5"",""-- / 0"","""",""5"",""-- / 0"","""",""5"",""-- / 0"","""",""1"",""-- / 0"","""",""6"",""-- / 0"","""""
"2025/01/09 12:41:56 PM GMT,""0.00 / 0"",""28"",""-- / 0"","""",""Button on other hand: only audio"",""-- / 0"","""",""7"",""-- / 0"","""",""8"",""-- / 0"","""",""6"",""-- / 0"","""",""2"",""-- / 0"","""",""9"",""-- / 0"","""",""2"",""-- / 0"","""","""",""-- / 0"","""",""5"",""-- / 0"","""",""5"",""-- / 0"","""","""",""-- / 0"","""",""Yes"",""-- / 0"","""",""my eyes feel tired"",""-- / 0"","""",""1"",""-- / 0"","""",""5"",""-- / 0"","""",""5"",""-- / 0"","""",""5"",""-- / 0"","""",""1"",""-- / 0"","""",""5"",""-- / 0"","""""
"2025/01/09 12:44:32 PM GMT,""0.00 / 0"",""28"",""-- / 0"","""",""Button on other hand: visual + haptic"",""-- / 0"","""",""7"",""-- / 0"","""",""7"",""-- / 0"","""",""5"",""-- / 0"","""",""6"",""-- / 0"","""",""8"",""-- / 0"","""",""2"",""-- / 0"","""","""",""-- / 0"","""",""7"",""-- / 0"","""",""6"",""-- / 0"","""","""",""-- / 0"","""",""Yes"",""-- / 0"","""",""my eyes feel tired"",""-- / 0"","""",""1"",""-- / 0"","""",""5"",""-- / 0"","""",""5"",""-- / 0"","""",""5"",""-- / 0"","""",""1"",""-- / 0"","""",""7"",""-- / 0"","""""
"2025/01/09 12:47:09 PM GMT,""0.00 / 0"",""28"",""-- / 0"","""",""Button on other hand: visual + haptic + audio"",""-- / 0"","""",""7"",""-- / 0"","""",""7"",""-- / 0"","""",""5"",""-- / 0"","""",""6"",""-- / 0"","""",""7"",""-- / 0"","""",""2"",""-- / 0"","""","""",""-- / 0"","""",""6"",""-- / 0"","""",""6"",""-- / 0"","""","""",""-- / 0"","""",""Yes"",""-- / 0"","""",""my eyes feel tired"",""-- / 0"","""",""1"",""-- / 0"","""",""5"",""-- / 0"","""",""5"",""-- / 0"","""",""4"",""-- / 0"","""",""1"",""-- / 0"","""",""6"",""-- / 0"","""""
"2025/01/09 12:50:30 PM GMT,""0.00 / 0"",""28"",""-- / 0"","""",""Button on other hand: only visual"",""-- / 0"","""",""7"",""-- / 0"","""",""7"",""-- / 0"","""",""5"",""-- / 0"","""",""5"",""-- / 0"","""",""9"",""-- / 0"","""",""2"",""-- / 0"","""","""",""-- / 0"","""",""6"",""-- / 0"","""",""6"",""-- / 0"","""","""",""-- / 0"","""",""Yes"",""-- / 0"","""",""my eyes feel tired"",""-- / 0"","""",""1"",""-- / 0"","""",""5"",""-- / 0"","""",""5"",""-- / 0"","""",""4"",""-- / 0"","""",""1"",""-- / 0"","""",""6"",""-- / 0"","""""
"2025/01/09 1:50:45 PM GMT,""0.00 / 0"",""29"",""-- / 0"","""",""Button on other hand: only haptic"",""-- / 0"","""",""3"",""-- / 0"","""",""5"",""-- / 0"","""",""5"",""-- / 0"","""",""6"",""-- / 0"","""",""4"",""-- / 0"","""",""1"",""-- / 0"","""","""",""-- / 0"","""",""6"",""-- / 0"","""",""6"",""-- / 0"","""","""",""-- / 0"","""",""No"",""-- / 0"","""","""",""-- / 0"","""",""2"",""-- / 0"","""",""3"",""-- / 0"","""",""4"",""-- / 0"","""",""3"",""-- / 0"","""",""2"",""-- / 0"","""",""6"",""-- / 0"","""""
"2025/01/09 1:53:36 PM GMT,""0.00 / 0"",""29"",""-- / 0"","""",""Button on other hand: only audio"",""-- / 0"","""",""3"",""-- / 0"","""",""2"",""-- / 0"","""",""2"",""-- / 0"","""",""5"",""-- / 0"","""",""4"",""-- / 0"","""",""1"",""-- / 0"","""","""",""-- / 0"","""",""5"",""-- / 0"","""",""6"",""-- / 0"","""","""",""-- / 0"","""",""No"",""-- / 0"","""","""",""-- / 0"","""",""2"",""-- / 0"","""",""5"",""-- / 0"","""",""2"",""-- / 0"","""",""3"",""-- / 0"","""",""1"",""-- / 0"","""",""6"",""-- / 0"","""""
"2025/01/09 1:55:46 PM GMT,""0.00 / 0"",""29"",""-- / 0"","""",""Button on other hand: visual + haptic"",""-- / 0"","""",""4"",""-- / 0"","""",""2"",""-- / 0"","""",""3"",""-- / 0"","""",""4"",""-- / 0"","""",""3"",""-- / 0"","""",""1"",""-- / 0"","""","""",""-- / 0"","""",""5"",""-- / 0"","""",""6"",""-- / 0"","""","""",""-- / 0"","""",""No"",""-- / 0"","""","""",""-- / 0"","""",""1"",""-- / 0"","""",""4"",""-- / 0"","""",""3"",""-- / 0"","""",""3"",""-- / 0"","""",""2"",""-- / 0"","""",""6"",""-- / 0"","""""
"2025/01/09 1:57:46 PM GMT,""0.00 / 0"",""29"",""-- / 0"","""",""Button on other hand: visual + haptic + audio"",""-- / 0"","""",""4"",""-- / 0"","""",""3"",""-- / 0"","""",""2"",""-- / 0"","""",""6"",""-- / 0"","""",""3"",""-- / 0"","""",""1"",""-- / 0"","""","""",""-- / 0"","""",""5"",""-- / 0"","""",""6"",""-- / 0"","""","""",""-- / 0"","""",""No"",""-- / 0"","""","""",""-- / 0"","""",""1"",""-- / 0"","""",""4"",""-- / 0"","""",""3"",""-- / 0"","""",""3"",""-- / 0"","""",""2"",""-- / 0"","""",""6"",""-- / 0"","""""
"2025/01/09 1:59:48 PM GMT,""0.00 / 0"",""29"",""-- / 0"","""",""Same hand trigger button: only visual"",""-- / 0"","""",""2"",""-- / 0"","""",""2"",""-- / 0"","""",""2"",""-- / 0"","""",""5"",""-- / 0"","""",""3"",""-- / 0"","""",""1"",""-- / 0"","""","""",""-- / 0"","""",""5"",""-- / 0"","""",""6"",""-- / 0"","""","""",""-- / 0"","""",""No"",""-- / 0"","""","""",""-- / 0"","""",""2"",""-- / 0"","""",""4"",""-- / 0"","""",""3"",""-- / 0"","""",""3"",""-- / 0"","""",""2"",""-- / 0"","""",""6"",""-- / 0"","""""
"2025/01/09 2:02:10 PM GMT,""0.00 / 0"",""29"",""-- / 0"","""",""Same hand trigger button: only haptic"",""-- / 0"","""",""3"",""-- / 0"","""",""2"",""-- / 0"","""",""2"",""-- / 0"","""",""4"",""-- / 0"","""",""4"",""-- / 0"","""",""1"",""-- / 0"","""","""",""-- / 0"","""",""5"",""-- / 0"","""",""5"",""-- / 0"","""","""",""-- / 0"","""",""No"",""-- / 0"","""","""",""-- / 0"","""",""1"",""-- / 0"","""",""4"",""-- / 0"","""",""3"",""-- / 0"","""",""3"",""-- / 0"","""",""2"",""-- / 0"","""",""6"",""-- / 0"","""""
"2025/01/09 2:05:29 PM GMT,""0.00 / 0"",""29"",""-- / 0"","""",""Same hand trigger button: only audio"",""-- / 0"","""",""3"",""-- / 0"","""",""4"",""-- / 0"","""",""3"",""-- / 0"","""",""4"",""-- / 0"","""",""4"",""-- / 0"","""",""1"",""-- / 0"","""","""",""-- / 0"","""",""4"",""-- / 0"","""",""6"",""-- / 0"","""","""",""-- / 0"","""",""No"",""-- / 0"","""","""",""-- / 0"","""",""2"",""-- / 0"","""",""4"",""-- / 0"","""",""3"",""-- / 0"","""",""3"",""-- / 0"","""",""2"",""-- / 0"","""",""6"",""-- / 0"","""""
"2025/01/09 2:09:32 PM GMT,""0.00 / 0"",""29"",""-- / 0"","""",""Same hand trigger button: visual + haptic"",""-- / 0"","""",""3"",""-- / 0"","""",""2"",""-- / 0"","""",""3"",""-- / 0"","""",""4"",""-- / 0"","""",""4"",""-- / 0"","""",""1"",""-- / 0"","""","""",""-- / 0"","""",""3"",""-- / 0"","""",""5"",""-- / 0"","""","""",""-- / 0"","""",""No"",""-- / 0"","""","""",""-- / 0"","""",""2"",""-- / 0"","""",""4"",""-- / 0"","""",""3"",""-- / 0"","""",""3"",""-- / 0"","""",""2"",""-- / 0"","""",""6"",""-- / 0"","""""
"2025/01/09 2:11:30 PM GMT,""0.00 / 0"",""29"",""-- / 0"","""",""Same hand trigger button: visual + haptic + audio"",""-- / 0"","""",""3"",""-- / 0"","""",""2"",""-- / 0"","""",""2"",""-- / 0"","""",""5"",""-- / 0"","""",""3"",""-- / 0"","""",""1"",""-- / 0"","""","""",""-- / 0"","""",""6"",""-- / 0"","""",""5"",""-- / 0"","""","""",""-- / 0"","""",""No"",""-- / 0"","""","""",""-- / 0"","""",""2"",""-- / 0"","""",""4"",""-- / 0"","""",""3"",""-- / 0"","""",""3"",""-- / 0"","""",""2"",""-- / 0"","""",""6"",""-- / 0"","""""
"2025/01/09 2:22:24 PM GMT,""0.00 / 0"",""30"",""-- / 0"","""",""Same hand trigger button: only visual"",""-- / 0"","""",""4"",""-- / 0"","""",""1"",""-- / 0"","""",""6"",""-- / 0"","""",""5"",""-- / 0"","""",""2"",""-- / 0"","""",""1"",""-- / 0"","""","""",""-- / 0"","""",""6"",""-- / 0"","""",""6"",""-- / 0"","""","""",""-- / 0"","""",""No"",""-- / 0"","""","""",""-- / 0"","""",""4"",""-- / 0"","""",""5"",""-- / 0"","""",""5"",""-- / 0"","""",""5"",""-- / 0"","""",""1"",""-- / 0"","""",""6"",""-- / 0"","""""
"2025/01/09 2:25:19 PM GMT,""0.00 / 0"",""30"",""-- / 0"","""",""Same hand trigger button: only haptic"",""-- / 0"","""",""5"",""-- / 0"","""",""1"",""-- / 0"","""",""4"",""-- / 0"","""",""6"",""-- / 0"","""",""3"",""-- / 0"","""",""1"",""-- / 0"","""","""",""-- / 0"","""",""6"",""-- / 0"","""",""5"",""-- / 0"","""","""",""-- / 0"","""",""No"",""-- / 0"","""","""",""-- / 0"","""",""1"",""-- / 0"","""",""5"",""-- / 0"","""",""5"",""-- / 0"","""",""5"",""-- / 0"","""",""1"",""-- / 0"","""",""6"",""-- / 0"","""""
"2025/01/09 2:28:39 PM GMT,""0.00 / 0"",""30"",""-- / 0"","""",""Same hand trigger button: visual + haptic"",""-- / 0"","""",""4"",""-- / 0"","""",""1"",""-- / 0"","""",""4"",""-- / 0"","""",""9"",""-- / 0"","""",""6"",""-- / 0"","""",""1"",""-- / 0"","""","""",""-- / 0"","""",""6"",""-- / 0"","""",""4"",""-- / 0"","""","""",""-- / 0"","""",""No"",""-- / 0"","""","""",""-- / 0"","""",""1"",""-- / 0"","""",""5"",""-- / 0"","""",""5"",""-- / 0"","""",""5"",""-- / 0"","""",""1"",""-- / 0"","""",""7"",""-- / 0"","""""
"2025/01/09 2:30:36 PM GMT,""0.00 / 0"",""30"",""-- / 0"","""",""Same hand trigger button: visual + haptic + audio"",""-- / 0"","""",""4"",""-- / 0"","""",""1"",""-- / 0"","""",""3"",""-- / 0"","""",""8"",""-- / 0"","""",""2"",""-- / 0"","""",""1"",""-- / 0"","""","""",""-- / 0"","""",""7"",""-- / 0"","""",""6"",""-- / 0"","""","""",""-- / 0"","""",""No"",""-- / 0"","""","""",""-- / 0"","""",""1"",""-- / 0"","""",""5"",""-- / 0"","""",""5"",""-- / 0"","""",""5"",""-- / 0"","""",""1"",""-- / 0"","""",""7"",""-- / 0"","""""
"2025/01/09 2:33:13 PM GMT,""0.00 / 0"",""30"",""-- / 0"","""",""Button on other hand: only visual"",""-- / 0"","""",""4"",""-- / 0"","""",""1"",""-- / 0"","""",""3"",""-- / 0"","""",""7"",""-- / 0"","""",""3"",""-- / 0"","""",""1"",""-- / 0"","""","""",""-- / 0"","""",""6"",""-- / 0"","""",""6"",""-- / 0"","""","""",""-- / 0"","""",""No"",""-- / 0"","""","""",""-- / 0"","""",""1"",""-- / 0"","""",""5"",""-- / 0"","""",""5"",""-- / 0"","""",""5"",""-- / 0"","""",""1"",""-- / 0"","""",""7"",""-- / 0"","""""
"2025/01/09 2:36:39 PM GMT,""0.00 / 0"",""30"",""-- / 0"","""",""Button on other hand: only haptic"",""-- / 0"","""",""6"",""-- / 0"","""",""1"",""-- / 0"","""",""4"",""-- / 0"","""",""6"",""-- / 0"","""",""3"",""-- / 0"","""",""1"",""-- / 0"","""","""",""-- / 0"","""",""5"",""-- / 0"","""",""5"",""-- / 0"","""","""",""-- / 0"","""",""No"",""-- / 0"","""","""",""-- / 0"","""",""1"",""-- / 0"","""",""5"",""-- / 0"","""",""5"",""-- / 0"","""",""5"",""-- / 0"","""",""1"",""-- / 0"","""",""7"",""-- / 0"","""""
"2025/01/09 2:41:42 PM GMT,""0.00 / 0"",""30"",""-- / 0"","""",""Button on other hand: only audio"",""-- / 0"","""",""3"",""-- / 0"","""",""1"",""-- / 0"","""",""3"",""-- / 0"","""",""8"",""-- / 0"","""",""5"",""-- / 0"","""",""1"",""-- / 0"","""","""",""-- / 0"","""",""6"",""-- / 0"","""",""5"",""-- / 0"","""","""",""-- / 0"","""",""No"",""-- / 0"","""","""",""-- / 0"","""",""1"",""-- / 0"","""",""5"",""-- / 0"","""",""5"",""-- / 0"","""",""5"",""-- / 0"","""",""1"",""-- / 0"","""",""7"",""-- / 0"","""""
"2025/01/09 2:44:34 PM GMT,""0.00 / 0"",""30"",""-- / 0"","""",""Button on other hand: visual + haptic"",""-- / 0"","""",""4"",""-- / 0"","""",""1"",""-- / 0"","""",""3"",""-- / 0"","""",""9"",""-- / 0"","""",""3"",""-- / 0"","""",""1"",""-- / 0"","""","""",""-- / 0"","""",""6"",""-- / 0"","""",""5"",""-- / 0"","""","""",""-- / 0"","""",""No"",""-- / 0"","""","""",""-- / 0"","""",""1"",""-- / 0"","""",""5"",""-- / 0"","""",""5"",""-- / 0"","""",""5"",""-- / 0"","""",""1"",""-- / 0"","""",""7"",""-- / 0"","""""
"2025/01/09 2:49:53 PM GMT,""0.00 / 0"",""30"",""-- / 0"","""",""Button on other hand: visual + haptic + audio"",""-- / 0"","""",""3"",""-- / 0"","""",""1"",""-- / 0"","""",""3"",""-- / 0"","""",""9"",""-- / 0"","""",""4"",""-- / 0"","""",""1"",""-- / 0"","""","""",""-- / 0"","""",""6"",""-- / 0"","""",""6"",""-- / 0"","""","""",""-- / 0"","""",""No"",""-- / 0"","""","""",""-- / 0"","""",""1"",""-- / 0"","""",""5"",""-- / 0"","""",""5"",""-- / 0"","""",""5"",""-- / 0"","""",""1"",""-- / 0"","""",""7"",""-- / 0"","""""
"2025/01/09 11:20:01 PM GMT,""0.00 / 0"",""11"",""-- / 0"","""",""Button on other hand: only audio"",""-- / 0"","""",""4"",""-- / 0"","""",""3"",""-- / 0"","""",""6"",""-- / 0"","""",""7"",""-- / 0"","""",""5"",""-- / 0"","""",""1"",""-- / 0"","""","""",""-- / 0"","""",""4"",""-- / 0"","""",""5"",""-- / 0"","""","""",""-- / 0"","""",""No"",""-- / 0"","""","""",""-- / 0"","""",""2"",""-- / 0"","""",""3"",""-- / 0"","""",""3"",""-- / 0"","""",""5"",""-- / 0"","""",""3"",""-- / 0"","""",""7"",""-- / 0"","""""
"2025/01/09 11:21:17 PM GMT,""0.00 / 0"",""11"",""-- / 0"","""",""Button on other hand: visual + haptic + audio"",""-- / 0"","""",""3"",""-- / 0"","""",""4"",""-- / 0"","""",""5"",""-- / 0"","""",""4"",""-- / 0"","""",""5"",""-- / 0"","""",""4"",""-- / 0"","""","""",""-- / 0"","""",""5"",""-- / 0"","""",""4"",""-- / 0"","""","""",""-- / 0"","""",""No"",""-- / 0"","""","""",""-- / 0"","""",""2"",""-- / 0"","""",""3"",""-- / 0"","""",""4"",""-- / 0"","""",""2"",""-- / 0"","""",""3"",""-- / 0"","""",""4"",""-- / 0"","""""
"2025/01/09 11:23:21 PM GMT,""0.00 / 0"",""11"",""-- / 0"","""",""Button on other hand: visual + haptic"",""-- / 0"","""",""3"",""-- / 0"","""",""4"",""-- / 0"","""",""5"",""-- / 0"","""",""3"",""-- / 0"","""",""5"",""-- / 0"","""",""4"",""-- / 0"","""","""",""-- / 0"","""",""3"",""-- / 0"","""",""3"",""-- / 0"","""","""",""-- / 0"","""",""No"",""-- / 0"","""","""",""-- / 0"","""",""2"",""-- / 0"","""",""4"",""-- / 0"","""",""4"",""-- / 0"","""","""","""","""",""3"",""-- / 0"","""",""4"",""-- / 0"","""""
"2025/01/09 11:24:22 PM GMT,""0.00 / 0"",""11"",""-- / 0"","""",""Button on other hand: only visual"",""-- / 0"","""",""3"",""-- / 0"","""",""3"",""-- / 0"","""",""5"",""-- / 0"","""",""4"",""-- / 0"","""",""4"",""-- / 0"","""",""4"",""-- / 0"","""","""",""-- / 0"","""",""3"",""-- / 0"","""",""3"",""-- / 0"","""","""",""-- / 0"","""",""No"",""-- / 0"","""","""",""-- / 0"","""",""1"",""-- / 0"","""",""2"",""-- / 0"","""",""4"",""-- / 0"","""",""3"",""-- / 0"","""",""3"",""-- / 0"","""",""3"",""-- / 0"","""""
"2025/01/09 11:25:31 PM GMT,""0.00 / 0"",""11"",""-- / 0"","""",""Same hand trigger button: only haptic"",""-- / 0"","""",""3"",""-- / 0"","""",""3"",""-- / 0"","""",""4"",""-- / 0"","""",""5"",""-- / 0"","""",""4"",""-- / 0"","""",""3"",""-- / 0"","""","""",""-- / 0"","""",""2"",""-- / 0"","""",""4"",""-- / 0"","""","""",""-- / 0"","""",""No"",""-- / 0"","""","""",""-- / 0"","""",""2"",""-- / 0"","""",""3"",""-- / 0"","""",""3"",""-- / 0"","""",""3"",""-- / 0"","""",""2"",""-- / 0"","""",""3"",""-- / 0"","""""
"2025/01/09 11:27:17 PM GMT,""0.00 / 0"",""11"",""-- / 0"","""",""Same hand trigger button: visual + haptic + audio"",""-- / 0"","""",""3"",""-- / 0"","""",""6"",""-- / 0"","""",""4"",""-- / 0"","""",""4"",""-- / 0"","""",""4"",""-- / 0"","""",""4"",""-- / 0"","""","""",""-- / 0"","""",""3"",""-- / 0"","""",""3"",""-- / 0"","""","""",""-- / 0"","""",""No"",""-- / 0"","""","""",""-- / 0"","""",""2"",""-- / 0"","""",""3"",""-- / 0"","""",""4"",""-- / 0"","""",""3"",""-- / 0"","""",""3"",""-- / 0"","""",""4"",""-- / 0"","""""
"2025/01/09 11:28:27 PM GMT,""0.00 / 0"",""11"",""-- / 0"","""",""Same hand trigger button: visual + haptic"",""-- / 0"","""",""3"",""-- / 0"","""",""4"",""-- / 0"","""",""4"",""-- / 0"","""",""4"",""-- / 0"","""",""3"",""-- / 0"","""",""4"",""-- / 0"","""","""",""-- / 0"","""",""3"",""-- / 0"","""",""3"",""-- / 0"","""","""",""-- / 0"","""",""No"",""-- / 0"","""","""",""-- / 0"","""",""2"",""-- / 0"","""",""3"",""-- / 0"","""",""4"",""-- / 0"","""","""","""","""",""3"",""-- / 0"","""",""4"",""-- / 0"","""""
"2025/01/09 11:29:26 PM GMT,""0.00 / 0"",""11"",""-- / 0"","""",""Same hand trigger button: visual + haptic + audio"",""-- / 0"","""",""4"",""-- / 0"","""",""4"",""-- / 0"","""",""3"",""-- / 0"","""",""4"",""-- / 0"","""",""4"",""-- / 0"","""",""4"",""-- / 0"","""","""",""-- / 0"","""",""3"",""-- / 0"","""",""3"",""-- / 0"","""","""",""-- / 0"","""",""No"",""-- / 0"","""","""",""-- / 0"","""",""2"",""-- / 0"","""",""3"",""-- / 0"","""",""4"",""-- / 0"","""",""3"",""-- / 0"","""",""3"",""-- / 0"","""",""3"",""-- / 0"","""""
"2025/01/09 11:31:36 PM GMT,""0.00 / 0"",""11"",""-- / 0"","""",""Same hand trigger button: only audio"",""-- / 0"","""",""3"",""-- / 0"","""",""3"",""-- / 0"","""",""3"",""-- / 0"","""",""4"",""-- / 0"","""",""4"",""-- / 0"","""",""4"",""-- / 0"","""","""",""-- / 0"","""",""3"",""-- / 0"","""",""3"",""-- / 0"","""","""",""-- / 0"","""",""No"",""-- / 0"","""","""",""-- / 0"","""",""2"",""-- / 0"","""",""3"",""-- / 0"","""",""3"",""-- / 0"","""",""3"",""-- / 0"","""",""3"",""-- / 0"","""",""2"",""-- / 0"","""""
"2025/01/09 11:32:46 PM GMT,""0.00 / 0"",""12"",""-- / 0"","""",""Same hand trigger button: only audio"",""-- / 0"","""",""3"",""-- / 0"","""",""3"",""-- / 0"","""",""4"",""-- / 0"","""",""6"",""-- / 0"","""",""6"",""-- / 0"","""",""4"",""-- / 0"","""","""",""-- / 0"","""",""6"",""-- / 0"","""",""7"",""-- / 0"","""","""",""-- / 0"","""",""No"",""-- / 0"","""","""",""-- / 0"","""",""1"",""-- / 0"","""",""5"",""-- / 0"","""",""5"",""-- / 0"","""",""5"",""-- / 0"","""",""1"",""-- / 0"","""",""5"",""-- / 0"","""""
"2025/01/09 11:34:01 PM GMT,""0.00 / 0"",""12"",""-- / 0"","""",""Same hand trigger button: only visual"",""-- / 0"","""",""2"",""-- / 0"","""",""3"",""-- / 0"","""",""2"",""-- / 0"","""",""7"",""-- / 0"","""",""7"",""-- / 0"","""",""3"",""-- / 0"","""","""",""-- / 0"","""",""7"",""-- / 0"","""",""7"",""-- / 0"","""","""",""-- / 0"","""",""No"",""-- / 0"","""","""",""-- / 0"","""",""1"",""-- / 0"","""",""5"",""-- / 0"","""",""4"",""-- / 0"","""",""5"",""-- / 0"","""",""1"",""-- / 0"","""",""7"",""-- / 0"","""""
"2025/01/09 11:34:50 PM GMT,""0.00 / 0"",""12"",""-- / 0"","""",""Same hand trigger button: only haptic"",""-- / 0"","""",""2"",""-- / 0"","""",""3"",""-- / 0"","""",""2"",""-- / 0"","""",""9"",""-- / 0"","""",""4"",""-- / 0"","""",""2"",""-- / 0"","""","""",""-- / 0"","""",""7"",""-- / 0"","""",""7"",""-- / 0"","""","""",""-- / 0"","""",""No"",""-- / 0"","""","""",""-- / 0"","""",""1"",""-- / 0"","""",""5"",""-- / 0"","""",""4"",""-- / 0"","""",""5"",""-- / 0"","""",""1"",""-- / 0"","""",""7"",""-- / 0"","""""
"2025/01/09 11:36:00 PM GMT,""0.00 / 0"",""12"",""-- / 0"","""",""Same hand trigger button: only audio"",""-- / 0"","""",""6"",""-- / 0"","""",""3"",""-- / 0"","""",""5"",""-- / 0"","""",""7"",""-- / 0"","""",""8"",""-- / 0"","""",""6"",""-- / 0"","""","""",""-- / 0"","""",""4"",""-- / 0"","""",""3"",""-- / 0"","""","""",""-- / 0"","""",""No"",""-- / 0"","""","""",""-- / 0"","""",""1"",""-- / 0"","""",""2"",""-- / 0"","""",""3"",""-- / 0"","""",""2"",""-- / 0"","""",""2"",""-- / 0"","""",""3"",""-- / 0"","""""
"2025/01/09 11:37:22 PM GMT,""0.00 / 0"",""12"",""-- / 0"","""",""Button on other hand: visual + haptic"",""-- / 0"","""",""4"",""-- / 0"","""",""3"",""-- / 0"","""",""3"",""-- / 0"","""",""9"",""-- / 0"","""",""6"",""-- / 0"","""",""6"",""-- / 0"","""","""",""-- / 0"","""",""5"",""-- / 0"","""",""6"",""-- / 0"","""","""",""-- / 0"","""",""No"",""-- / 0"","""","""",""-- / 0"","""",""1"",""-- / 0"","""",""5"",""-- / 0"","""",""5"",""-- / 0"","""",""5"",""-- / 0"","""",""1"",""-- / 0"","""",""7"",""-- / 0"","""""
"2025/01/09 11:38:27 PM GMT,""0.00 / 0"",""12"",""-- / 0"","""",""Button on other hand: visual + haptic + audio"",""-- / 0"","""",""7"",""-- / 0"","""",""3"",""-- / 0"","""",""2"",""-- / 0"","""",""7"",""-- / 0"","""",""4"",""-- / 0"","""",""5"",""-- / 0"","""","""",""-- / 0"","""",""6"",""-- / 0"","""",""7"",""-- / 0"","""","""",""-- / 0"","""",""No"",""-- / 0"","""","""",""-- / 0"","""",""4"",""-- / 0"","""",""4"",""-- / 0"","""",""5"",""-- / 0"","""",""5"",""-- / 0"","""",""2"",""-- / 0"","""",""5"",""-- / 0"","""""
"2025/01/09 11:39:23 PM GMT,""0.00 / 0"",""12"",""-- / 0"","""",""Button on other hand: only visual"",""-- / 0"","""",""4"",""-- / 0"","""",""3"",""-- / 0"","""",""2"",""-- / 0"","""",""6"",""-- / 0"","""",""4"",""-- / 0"","""",""4"",""-- / 0"","""","""",""-- / 0"","""",""4"",""-- / 0"","""",""7"",""-- / 0"","""","""",""-- / 0"","""",""No"",""-- / 0"","""","""",""-- / 0"","""",""1"",""-- / 0"","""",""4"",""-- / 0"","""",""4"",""-- / 0"","""",""3"",""-- / 0"","""",""2"",""-- / 0"","""",""6"",""-- / 0"","""""
"2025/01/09 11:40:42 PM GMT,""0.00 / 0"",""12"",""-- / 0"","""",""Button on other hand: only haptic"",""-- / 0"","""",""4"",""-- / 0"","""",""3"",""-- / 0"","""",""3"",""-- / 0"","""",""6"",""-- / 0"","""",""4"",""-- / 0"","""",""4"",""-- / 0"","""","""",""-- / 0"","""",""3"",""-- / 0"","""",""6"",""-- / 0"","""","""",""-- / 0"","""",""No"",""-- / 0"","""","""",""-- / 0"","""",""1"",""-- / 0"","""",""4"",""-- / 0"","""",""4"",""-- / 0"","""",""3"",""-- / 0"","""",""4"",""-- / 0"","""",""6"",""-- / 0"","""""
"2025/01/09 11:43:29 PM GMT,""0.00 / 0"",""12"",""-- / 0"","""",""Button on other hand: only audio"",""-- / 0"","""",""4"",""-- / 0"","""",""3"",""-- / 0"","""",""3"",""-- / 0"","""",""5"",""-- / 0"","""",""7"",""-- / 0"","""",""6"",""-- / 0"","""","""",""-- / 0"","""",""3"",""-- / 0"","""",""4"",""-- / 0"","""","""",""-- / 0"","""",""No"",""-- / 0"","""","""",""-- / 0"","""",""1"",""-- / 0"","""",""5"",""-- / 0"","""",""4"",""-- / 0"","""",""4"",""-- / 0"","""",""2"",""-- / 0"","""",""6"",""-- / 0"","""""
"2025/01/09 11:44:59 PM GMT,""0.00 / 0"",""13"",""-- / 0"","""",""Button on other hand: only audio"",""-- / 0"","""",""6"",""-- / 0"","""",""4"",""-- / 0"","""",""4"",""-- / 0"","""",""5"",""-- / 0"","""",""5"",""-- / 0"","""",""1"",""-- / 0"","""","""",""-- / 0"","""",""6"",""-- / 0"","""",""7"",""-- / 0"","""","""",""-- / 0"","""",""No"",""-- / 0"","""","""",""-- / 0"","""",""1"",""-- / 0"","""",""5"",""-- / 0"","""",""5"",""-- / 0"","""",""4"",""-- / 0"","""",""4"",""-- / 0"","""",""6"",""-- / 0"","""""
"2025/01/09 11:49:04 PM GMT,""0.00 / 0"",""13"",""-- / 0"","""",""Button on other hand: visual + haptic"",""-- / 0"","""",""8"",""-- / 0"","""",""6"",""-- / 0"","""",""5"",""-- / 0"","""",""4"",""-- / 0"","""",""8"",""-- / 0"","""",""1"",""-- / 0"","""","""",""-- / 0"","""",""5"",""-- / 0"","""",""6"",""-- / 0"","""","""",""-- / 0"","""",""No"",""-- / 0"","""","""",""-- / 0"","""",""1"",""-- / 0"","""",""5"",""-- / 0"","""",""4"",""-- / 0"","""",""4"",""-- / 0"","""",""4"",""-- / 0"","""",""6"",""-- / 0"","""""
"2025/01/09 11:56:46 PM GMT,""0.00 / 0"",""13"",""-- / 0"","""",""Button on other hand: visual + haptic + audio"",""-- / 0"","""",""7"",""-- / 0"","""",""6"",""-- / 0"","""",""5"",""-- / 0"","""",""7"",""-- / 0"","""",""8"",""-- / 0"","""",""1"",""-- / 0"","""","""",""-- / 0"","""",""5"",""-- / 0"","""",""5"",""-- / 0"","""","""",""-- / 0"","""",""No"",""-- / 0"","""","""",""-- / 0"","""",""1"",""-- / 0"","""",""4"",""-- / 0"","""",""5"",""-- / 0"","""",""5"",""-- / 0"","""",""4"",""-- / 0"","""",""5"",""-- / 0"","""""
"2025/01/09 11:58:01 PM GMT,""0.00 / 0"",""13"",""-- / 0"","""",""Button on other hand: only visual"",""-- / 0"","""",""9"",""-- / 0"","""",""8"",""-- / 0"","""",""5"",""-- / 0"","""",""2"",""-- / 0"","""",""10"",""-- / 0"","""",""2"",""-- / 0"","""","""",""-- / 0"","""",""2"",""-- / 0"","""",""5"",""-- / 0"","""","""",""-- / 0"","""",""No"",""-- / 0"","""","""",""-- / 0"","""",""3"",""-- / 0"","""",""3"",""-- / 0"","""",""4"",""-- / 0"","""",""4"",""-- / 0"","""",""4"",""-- / 0"","""",""6"",""-- / 0"","""""
"2025/01/09 11:59:05 PM GMT,""0.00 / 0"",""13"",""-- / 0"","""",""Same hand trigger button: only haptic"",""-- / 0"","""",""4"",""-- / 0"","""",""4"",""-- / 0"","""",""5"",""-- / 0"","""",""5"",""-- / 0"","""",""3"",""-- / 0"","""",""1"",""-- / 0"","""","""",""-- / 0"","""",""5"",""-- / 0"","""",""6"",""-- / 0"","""","""",""-- / 0"","""",""No"",""-- / 0"","""","""",""-- / 0"","""",""2"",""-- / 0"","""",""4"",""-- / 0"","""",""5"",""-- / 0"","""",""4"",""-- / 0"","""",""3"",""-- / 0"","""",""6"",""-- / 0"","""""
"2025/01/10 12:00:21 AM GMT,""0.00 / 0"",""13"",""-- / 0"","""",""Same hand trigger button: only audio"",""-- / 0"","""",""5"",""-- / 0"","""",""5"",""-- / 0"","""",""3"",""-- / 0"","""",""2"",""-- / 0"","""",""9"",""-- / 0"","""",""1"",""-- / 0"","""","""",""-- / 0"","""",""3"",""-- / 0"","""",""6"",""-- / 0"","""","""",""-- / 0"","""",""No"",""-- / 0"","""","""",""-- / 0"","""",""2"",""-- / 0"","""",""4"",""-- / 0"","""",""4"",""-- / 0"","""",""4"",""-- / 0"","""",""3"",""-- / 0"","""",""6"",""-- / 0"","""""
"2025/01/10 12:01:41 AM GMT,""0.00 / 0"",""13"",""-- / 0"","""",""Same hand trigger button: visual + haptic"",""-- / 0"","""",""6"",""-- / 0"","""",""5"",""-- / 0"","""",""3"",""-- / 0"","""",""4"",""-- / 0"","""",""7"",""-- / 0"","""",""1"",""-- / 0"","""","""",""-- / 0"","""",""5"",""-- / 0"","""",""5"",""-- / 0"","""","""",""-- / 0"","""",""No"",""-- / 0"","""","""",""-- / 0"","""",""2"",""-- / 0"","""",""4"",""-- / 0"","""",""4"",""-- / 0"","""",""4"",""-- / 0"","""",""3"",""-- / 0"","""",""6"",""-- / 0"","""""
"2025/01/10 12:03:16 AM GMT,""0.00 / 0"",""13"",""-- / 0"","""",""Same hand trigger button: visual + haptic + audio"",""-- / 0"","""",""7"",""-- / 0"","""",""6"",""-- / 0"","""",""3"",""-- / 0"","""",""3"",""-- / 0"","""",""8"",""-- / 0"","""",""1"",""-- / 0"","""","""",""-- / 0"","""",""3"",""-- / 0"","""",""5"",""-- / 0"","""","""",""-- / 0"","""",""No"",""-- / 0"","""","""",""-- / 0"","""",""2"",""-- / 0"","""",""4"",""-- / 0"","""",""4"",""-- / 0"","""",""4"",""-- / 0"","""",""3"",""-- / 0"","""",""6"",""-- / 0"","""""
"2025/01/10 12:04:22 AM GMT,""0.00 / 0"",""13"",""-- / 0"","""",""Same hand trigger button: only visual"",""-- / 0"","""",""7"",""-- / 0"","""",""6"",""-- / 0"","""",""3"",""-- / 0"","""",""3"",""-- / 0"","""",""7"",""-- / 0"","""",""1"",""-- / 0"","""","""",""-- / 0"","""",""4"",""-- / 0"","""",""5"",""-- / 0"","""","""",""-- / 0"","""",""No"",""-- / 0"","""","""",""-- / 0"","""",""2"",""-- / 0"","""",""4"",""-- / 0"","""",""5"",""-- / 0"","""",""4"",""-- / 0"","""",""2"",""-- / 0"","""",""6"",""-- / 0"","""""
"2025/01/10 12:05:56 AM GMT,""0.00 / 0"",""14"",""-- / 0"","""",""Same hand trigger button: only visual"",""-- / 0"","""",""5"",""-- / 0"","""",""2"",""-- / 0"","""",""6"",""-- / 0"","""",""3"",""-- / 0"","""",""6"",""-- / 0"","""",""6"",""-- / 0"","""","""",""-- / 0"","""",""5"",""-- / 0"","""",""3"",""-- / 0"","""","""",""-- / 0"","""",""No"",""-- / 0"","""","""",""-- / 0"","""",""2"",""-- / 0"","""",""4"",""-- / 0"","""",""4"",""-- / 0"","""",""3"",""-- / 0"","""",""3"",""-- / 0"","""",""3"",""-- / 0"","""""
"2025/01/10 12:07:25 AM GMT,""0.00 / 0"",""14"",""-- / 0"","""",""Same hand trigger button: only haptic"",""-- / 0"","""",""4"",""-- / 0"","""",""3"",""-- / 0"","""",""6"",""-- / 0"","""",""4"",""-- / 0"","""",""4"",""-- / 0"","""",""6"",""-- / 0"","""","""",""-- / 0"","""",""5"",""-- / 0"","""",""5"",""-- / 0"","""","""",""-- / 0"","""",""No"",""-- / 0"","""","""",""-- / 0"","""",""2"",""-- / 0"","""",""4"",""-- / 0"","""",""4"",""-- / 0"","""",""5"",""-- / 0"","""",""3"",""-- / 0"","""",""5"",""-- / 0"","""""
"2025/01/10 12:20:33 AM GMT,""0.00 / 0"",""18"",""-- / 0"","""",""Same hand trigger button: only audio"",""-- / 0"","""",""3"",""-- / 0"","""",""2"",""-- / 0"","""",""4"",""-- / 0"","""",""8"",""-- / 0"","""",""4"",""-- / 0"","""",""2"",""-- / 0"","""","""",""-- / 0"","""",""6"",""-- / 0"","""",""7"",""-- / 0"","""","""",""-- / 0"","""",""No"",""-- / 0"","""","""",""-- / 0"","""",""1"",""-- / 0"","""",""5"",""-- / 0"","""",""5"",""-- / 0"","""",""5"",""-- / 0"","""",""1"",""-- / 0"","""",""6"",""-- / 0"","""""
